idx,pos1_monster_id,pos2_monster_id,pos3_monster_id,pos4_monster_id,pos5_monster_id,pos6_monster_id,pos7_monster_id,pos8_monster_id,pos9_monster_id
11,11,11,0,0,0,0,0,0,0
12,0,0,0,0,0,0,0,0,12
13,0,0,0,11,11,0,0,0,0
21,11,11,0,0,0,0,0,0,0
22,0,0,0,0,0,0,0,0,12
23,0,0,0,11,11,0,0,0,0
31,11,11,0,0,0,0,0,0,0
32,0,0,0,0,0,0,0,0,12
33,0,0,0,11,11,0,0,0,0
41,11,11,0,0,0,0,0,0,0
42,0,0,0,0,0,0,0,0,12
43,0,0,0,11,11,0,0,0,0
51,11,11,0,0,0,0,0,0,0
52,0,0,0,0,0,0,0,0,12
53,0,0,0,11,11,0,0,0,0
61,11,11,0,0,0,0,0,0,0
62,0,0,0,0,0,0,0,0,12
63,0,0,0,11,11,0,0,0,0
71,11,11,0,0,0,0,0,0,0
72,0,0,0,0,0,0,0,0,12
73,0,0,0,11,11,0,0,0,0
81,11,11,0,0,0,0,0,0,0
82,0,0,0,0,0,0,0,0,12
83,0,0,0,11,11,0,0,0,0
91,11,11,0,0,0,0,0,0,0
92,0,0,0,0,0,0,0,0,12
93,0,0,0,11,11,0,0,0,0
101,11,11,0,0,0,0,0,0,0
102,0,0,0,0,0,0,0,0,12
103,0,0,0,11,11,0,0,0,0
111,11,11,0,0,0,0,0,0,0
112,0,0,0,0,0,0,0,0,12
113,0,0,0,11,11,0,0,0,0
121,11,11,0,0,0,0,0,0,0
122,0,0,0,0,0,0,0,0,12
123,0,0,0,11,11,0,0,0,0
131,11,11,0,0,0,0,0,0,0
132,0,0,0,0,0,0,0,0,12
133,0,0,0,11,11,0,0,0,0
141,11,11,0,0,0,0,0,0,0
142,0,0,0,0,0,0,0,0,12
143,0,0,0,11,11,0,0,0,0
151,11,11,0,0,0,0,0,0,0
152,0,0,0,0,0,0,0,0,12
153,0,0,0,11,11,0,0,0,0
161,11,11,0,0,0,0,0,0,0
162,0,0,0,0,0,0,0,0,12
163,0,0,0,11,11,0,0,0,0
171,11,11,0,0,0,0,0,0,0
172,0,0,0,0,0,0,0,0,12
173,0,0,0,11,11,0,0,0,0
181,11,11,0,0,0,0,0,0,0
182,0,0,0,0,0,0,0,0,12
183,0,0,0,11,11,0,0,0,0
191,11,11,0,0,0,0,0,0,0
192,0,0,0,0,0,0,0,0,12
193,0,0,0,11,11,0,0,0,0
201,11,11,0,0,0,0,0,0,0
202,0,0,0,0,0,0,0,0,12
203,0,0,0,11,11,0,0,0,0
211,11,11,0,0,0,0,0,0,0
212,0,0,0,0,0,0,0,0,12
213,0,0,0,11,11,0,0,0,0
221,11,11,0,0,0,0,0,0,0
222,0,0,0,0,0,0,0,0,12
223,0,0,0,11,11,0,0,0,0
231,11,11,0,0,0,0,0,0,0
232,0,0,0,0,0,0,0,0,12
233,0,0,0,11,11,0,0,0,0
241,11,11,0,0,0,0,0,0,0
242,0,0,0,0,0,0,0,0,12
243,0,0,0,11,11,0,0,0,0
251,11,11,0,0,0,0,0,0,0
252,0,0,0,0,0,0,0,0,12
253,0,0,0,11,11,0,0,0,0
261,11,11,0,0,0,0,0,0,0
262,0,0,0,0,0,0,0,0,12
263,0,0,0,11,11,0,0,0,0
271,11,11,0,0,0,0,0,0,0
272,0,0,0,0,0,0,0,0,12
273,0,0,0,11,11,0,0,0,0
281,11,11,0,0,0,0,0,0,0
282,0,0,0,0,0,0,0,0,12
283,0,0,0,11,11,0,0,0,0
291,11,11,0,0,0,0,0,0,0
292,0,0,0,0,0,0,0,0,12
293,0,0,0,11,11,0,0,0,0
301,11,11,0,0,0,0,0,0,0
302,0,0,0,0,0,0,0,0,12
303,0,0,0,11,11,0,0,0,0
311,11,11,0,0,0,0,0,0,0
312,0,0,0,0,0,0,0,0,12
313,0,0,0,11,11,0,0,0,0
321,11,11,0,0,0,0,0,0,0
322,0,0,0,0,0,0,0,0,12
323,0,0,0,11,11,0,0,0,0
331,11,11,0,0,0,0,0,0,0
332,0,0,0,0,0,0,0,0,12
333,0,0,0,11,11,0,0,0,0
341,11,11,0,0,0,0,0,0,0
342,0,0,0,0,0,0,0,0,12
343,0,0,0,11,11,0,0,0,0
351,11,11,0,0,0,0,0,0,0
352,0,0,0,0,0,0,0,0,12
353,0,0,0,11,11,0,0,0,0
361,11,11,0,0,0,0,0,0,0
362,0,0,0,0,0,0,0,0,12
363,0,0,0,11,11,0,0,0,0
371,11,11,0,0,0,0,0,0,0
372,0,0,0,0,0,0,0,0,12
373,0,0,0,11,11,0,0,0,0
381,11,11,0,0,0,0,0,0,0
382,0,0,0,0,0,0,0,0,12
383,0,0,0,11,11,0,0,0,0
391,11,11,0,0,0,0,0,0,0
392,0,0,0,0,0,0,0,0,12
393,0,0,0,11,11,0,0,0,0
401,11,11,0,0,0,0,0,0,0
402,0,0,0,0,0,0,0,0,12
403,0,0,0,11,11,0,0,0,0
411,11,11,0,0,0,0,0,0,0
412,0,0,0,0,0,0,0,0,12
413,0,0,0,11,11,0,0,0,0
421,11,11,0,0,0,0,0,0,0
422,0,0,0,0,0,0,0,0,12
423,0,0,0,11,11,0,0,0,0
431,11,11,0,0,0,0,0,0,0
432,0,0,0,0,0,0,0,0,12
433,0,0,0,11,11,0,0,0,0
441,11,11,0,0,0,0,0,0,0
442,0,0,0,0,0,0,0,0,12
443,0,0,0,11,11,0,0,0,0
451,11,11,0,0,0,0,0,0,0
452,0,0,0,0,0,0,0,0,12
453,0,0,0,11,11,0,0,0,0
461,11,11,0,0,0,0,0,0,0
462,0,0,0,0,0,0,0,0,12
463,0,0,0,11,11,0,0,0,0
471,11,11,0,0,0,0,0,0,0
472,0,0,0,0,0,0,0,0,12
473,0,0,0,11,11,0,0,0,0
481,11,11,0,0,0,0,0,0,0
482,0,0,0,0,0,0,0,0,12
483,0,0,0,11,11,0,0,0,0
491,11,11,0,0,0,0,0,0,0
492,0,0,0,0,0,0,0,0,12
493,0,0,0,11,11,0,0,0,0
501,11,11,0,0,0,0,0,0,0
502,0,0,0,0,0,0,0,0,12
503,0,0,0,11,11,0,0,0,0
511,11,11,0,0,0,0,0,0,0
512,0,0,0,0,0,0,0,0,12
513,0,0,0,11,11,0,0,0,0
521,11,11,0,0,0,0,0,0,0
522,0,0,0,0,0,0,0,0,12
523,0,0,0,11,11,0,0,0,0
531,11,11,0,0,0,0,0,0,0
532,0,0,0,0,0,0,0,0,12
533,0,0,0,11,11,0,0,0,0
541,11,11,0,0,0,0,0,0,0
542,0,0,0,0,0,0,0,0,12
543,0,0,0,11,11,0,0,0,0
551,11,11,0,0,0,0,0,0,0
552,0,0,0,0,0,0,0,0,12
553,0,0,0,11,11,0,0,0,0
561,11,11,0,0,0,0,0,0,0
562,0,0,0,0,0,0,0,0,12
563,0,0,0,11,11,0,0,0,0
571,11,11,0,0,0,0,0,0,0
572,0,0,0,0,0,0,0,0,12
573,0,0,0,11,11,0,0,0,0
581,11,11,0,0,0,0,0,0,0
582,0,0,0,0,0,0,0,0,12
583,0,0,0,11,11,0,0,0,0
591,11,11,0,0,0,0,0,0,0
592,0,0,0,0,0,0,0,0,12
593,0,0,0,11,11,0,0,0,0
601,11,11,0,0,0,0,0,0,0
602,0,0,0,0,0,0,0,0,12
603,0,0,0,11,11,0,0,0,0
611,11,11,0,0,0,0,0,0,0
612,0,0,0,0,0,0,0,0,12
613,0,0,0,11,11,0,0,0,0
621,11,11,0,0,0,0,0,0,0
622,0,0,0,0,0,0,0,0,12
623,0,0,0,11,11,0,0,0,0
631,11,11,0,0,0,0,0,0,0
632,0,0,0,0,0,0,0,0,12
633,0,0,0,11,11,0,0,0,0
641,11,11,0,0,0,0,0,0,0
642,0,0,0,0,0,0,0,0,12
643,0,0,0,11,11,0,0,0,0
651,11,11,0,0,0,0,0,0,0
652,0,0,0,0,0,0,0,0,12
653,0,0,0,11,11,0,0,0,0
661,11,11,0,0,0,0,0,0,0
662,0,0,0,0,0,0,0,0,12
663,0,0,0,11,11,0,0,0,0
671,11,11,0,0,0,0,0,0,0
672,0,0,0,0,0,0,0,0,12
673,0,0,0,11,11,0,0,0,0
681,11,11,0,0,0,0,0,0,0
682,0,0,0,0,0,0,0,0,12
683,0,0,0,11,11,0,0,0,0
691,11,11,0,0,0,0,0,0,0
692,0,0,0,0,0,0,0,0,12
693,0,0,0,11,11,0,0,0,0
701,11,11,0,0,0,0,0,0,0
702,0,0,0,0,0,0,0,0,12
703,0,0,0,11,11,0,0,0,0
711,11,11,0,0,0,0,0,0,0
712,0,0,0,0,0,0,0,0,12
713,0,0,0,11,11,0,0,0,0
721,11,11,0,0,0,0,0,0,0
722,0,0,0,0,0,0,0,0,12
723,0,0,0,11,11,0,0,0,0
731,11,11,0,0,0,0,0,0,0
732,0,0,0,0,0,0,0,0,12
733,0,0,0,11,11,0,0,0,0
741,11,11,0,0,0,0,0,0,0
742,0,0,0,0,0,0,0,0,12
743,0,0,0,11,11,0,0,0,0
751,11,11,0,0,0,0,0,0,0
752,0,0,0,0,0,0,0,0,12
753,0,0,0,11,11,0,0,0,0
761,11,11,0,0,0,0,0,0,0
762,0,0,0,0,0,0,0,0,12
763,0,0,0,11,11,0,0,0,0
771,11,11,0,0,0,0,0,0,0
772,0,0,0,0,0,0,0,0,12
773,0,0,0,11,11,0,0,0,0
781,11,11,0,0,0,0,0,0,0
782,0,0,0,0,0,0,0,0,12
783,0,0,0,11,11,0,0,0,0
791,11,11,0,0,0,0,0,0,0
792,0,0,0,0,0,0,0,0,12
793,0,0,0,11,11,0,0,0,0
801,11,11,0,0,0,0,0,0,0
802,0,0,0,0,0,0,0,0,12
803,0,0,0,11,11,0,0,0,0
811,11,11,0,0,0,0,0,0,0
812,0,0,0,0,0,0,0,0,12
813,0,0,0,11,11,0,0,0,0
821,11,11,0,0,0,0,0,0,0
822,0,0,0,0,0,0,0,0,12
823,0,0,0,11,11,0,0,0,0
831,11,11,0,0,0,0,0,0,0
832,0,0,0,0,0,0,0,0,12
833,0,0,0,11,11,0,0,0,0
841,11,11,0,0,0,0,0,0,0
842,0,0,0,0,0,0,0,0,12
843,0,0,0,11,11,0,0,0,0
851,11,11,0,0,0,0,0,0,0
852,0,0,0,0,0,0,0,0,12
853,0,0,0,11,11,0,0,0,0
861,11,11,0,0,0,0,0,0,0
862,0,0,0,0,0,0,0,0,12
863,0,0,0,11,11,0,0,0,0
871,11,11,0,0,0,0,0,0,0
872,0,0,0,0,0,0,0,0,12
873,0,0,0,11,11,0,0,0,0
881,11,11,0,0,0,0,0,0,0
882,0,0,0,0,0,0,0,0,12
883,0,0,0,11,11,0,0,0,0
891,11,11,0,0,0,0,0,0,0
892,0,0,0,0,0,0,0,0,12
893,0,0,0,11,11,0,0,0,0
901,11,11,0,0,0,0,0,0,0
902,0,0,0,0,0,0,0,0,12
903,0,0,0,11,11,0,0,0,0
911,11,11,0,0,0,0,0,0,0
912,0,0,0,0,0,0,0,0,12
913,0,0,0,11,11,0,0,0,0
921,11,11,0,0,0,0,0,0,0
922,0,0,0,0,0,0,0,0,12
923,0,0,0,11,11,0,0,0,0
931,11,11,0,0,0,0,0,0,0
932,0,0,0,0,0,0,0,0,12
933,0,0,0,11,11,0,0,0,0
941,11,11,0,0,0,0,0,0,0
942,0,0,0,0,0,0,0,0,12
943,0,0,0,11,11,0,0,0,0
951,11,11,0,0,0,0,0,0,0
952,0,0,0,0,0,0,0,0,12
953,0,0,0,11,11,0,0,0,0
961,11,11,0,0,0,0,0,0,0
962,0,0,0,0,0,0,0,0,12
963,0,0,0,11,11,0,0,0,0
971,11,11,0,0,0,0,0,0,0
972,0,0,0,0,0,0,0,0,12
973,0,0,0,11,11,0,0,0,0
981,11,11,0,0,0,0,0,0,0
982,0,0,0,0,0,0,0,0,12
983,0,0,0,11,11,0,0,0,0
991,11,11,0,0,0,0,0,0,0
992,0,0,0,0,0,0,0,0,12
993,0,0,0,11,11,0,0,0,0
1001,11,11,0,0,0,0,0,0,0
1002,0,0,0,0,0,0,0,0,12
1003,0,0,0,11,11,0,0,0,0
1011,11,11,0,0,0,0,0,0,0
1012,0,0,0,0,0,0,0,0,12
1013,0,0,0,11,11,0,0,0,0
1021,11,11,0,0,0,0,0,0,0
1022,0,0,0,0,0,0,0,0,12
1023,0,0,0,11,11,0,0,0,0
1031,11,11,0,0,0,0,0,0,0
1032,0,0,0,0,0,0,0,0,12
1033,0,0,0,11,11,0,0,0,0
1041,11,11,0,0,0,0,0,0,0
1042,0,0,0,0,0,0,0,0,12
1043,0,0,0,11,11,0,0,0,0
1051,11,11,0,0,0,0,0,0,0
1052,0,0,0,0,0,0,0,0,12
1053,0,0,0,11,11,0,0,0,0
1061,11,11,0,0,0,0,0,0,0
1062,0,0,0,0,0,0,0,0,12
1063,0,0,0,11,11,0,0,0,0
1071,11,11,0,0,0,0,0,0,0
1072,0,0,0,0,0,0,0,0,12
1073,0,0,0,11,11,0,0,0,0
1081,11,11,0,0,0,0,0,0,0
1082,0,0,0,0,0,0,0,0,12
1083,0,0,0,11,11,0,0,0,0
1091,11,11,0,0,0,0,0,0,0
1092,0,0,0,0,0,0,0,0,12
1093,0,0,0,11,11,0,0,0,0
1101,11,11,0,0,0,0,0,0,0
1102,0,0,0,0,0,0,0,0,12
1103,0,0,0,11,11,0,0,0,0
1111,11,11,0,0,0,0,0,0,0
1112,0,0,0,0,0,0,0,0,12
1113,0,0,0,11,11,0,0,0,0
1121,11,11,0,0,0,0,0,0,0
1122,0,0,0,0,0,0,0,0,12
1123,0,0,0,11,11,0,0,0,0
1131,11,11,0,0,0,0,0,0,0
1132,0,0,0,0,0,0,0,0,12
1133,0,0,0,11,11,0,0,0,0
1141,11,11,0,0,0,0,0,0,0
1142,0,0,0,0,0,0,0,0,12
1143,0,0,0,11,11,0,0,0,0
1151,11,11,0,0,0,0,0,0,0
1152,0,0,0,0,0,0,0,0,12
1153,0,0,0,11,11,0,0,0,0
1161,11,11,0,0,0,0,0,0,0
1162,0,0,0,0,0,0,0,0,12
1163,0,0,0,11,11,0,0,0,0
1171,11,11,0,0,0,0,0,0,0
1172,0,0,0,0,0,0,0,0,12
1173,0,0,0,11,11,0,0,0,0
1181,11,11,0,0,0,0,0,0,0
1182,0,0,0,0,0,0,0,0,12
1183,0,0,0,11,11,0,0,0,0
1191,11,11,0,0,0,0,0,0,0
1192,0,0,0,0,0,0,0,0,12
1193,0,0,0,11,11,0,0,0,0
1201,11,11,0,0,0,0,0,0,0
1202,0,0,0,0,0,0,0,0,12
1203,0,0,0,11,11,0,0,0,0
1211,11,11,0,0,0,0,0,0,0
1212,0,0,0,0,0,0,0,0,12
1213,0,0,0,11,11,0,0,0,0
1221,11,11,0,0,0,0,0,0,0
1222,0,0,0,0,0,0,0,0,12
1223,0,0,0,11,11,0,0,0,0
1231,11,11,0,0,0,0,0,0,0
1232,0,0,0,0,0,0,0,0,12
1233,0,0,0,11,11,0,0,0,0
1241,11,11,0,0,0,0,0,0,0
1242,0,0,0,0,0,0,0,0,12
1243,0,0,0,11,11,0,0,0,0
1251,11,11,0,0,0,0,0,0,0
1252,0,0,0,0,0,0,0,0,12
1253,0,0,0,11,11,0,0,0,0
1261,11,11,0,0,0,0,0,0,0
1262,0,0,0,0,0,0,0,0,12
1263,0,0,0,11,11,0,0,0,0
1271,11,11,0,0,0,0,0,0,0
1272,0,0,0,0,0,0,0,0,12
1273,0,0,0,11,11,0,0,0,0
1281,11,11,0,0,0,0,0,0,0
1282,0,0,0,0,0,0,0,0,12
1283,0,0,0,11,11,0,0,0,0
1291,11,11,0,0,0,0,0,0,0
1292,0,0,0,0,0,0,0,0,12
1293,0,0,0,11,11,0,0,0,0
1301,11,11,0,0,0,0,0,0,0
1302,0,0,0,0,0,0,0,0,12
1303,0,0,0,11,11,0,0,0,0
1311,11,11,0,0,0,0,0,0,0
1312,0,0,0,0,0,0,0,0,12
1313,0,0,0,11,11,0,0,0,0
1321,11,11,0,0,0,0,0,0,0
1322,0,0,0,0,0,0,0,0,12
1323,0,0,0,11,11,0,0,0,0
1331,11,11,0,0,0,0,0,0,0
1332,0,0,0,0,0,0,0,0,12
1333,0,0,0,11,11,0,0,0,0
1341,11,11,0,0,0,0,0,0,0
1342,0,0,0,0,0,0,0,0,12
1343,0,0,0,11,11,0,0,0,0
1351,11,11,0,0,0,0,0,0,0
1352,0,0,0,0,0,0,0,0,12
1353,0,0,0,11,11,0,0,0,0
1361,11,11,0,0,0,0,0,0,0
1362,0,0,0,0,0,0,0,0,12
1363,0,0,0,11,11,0,0,0,0
1371,11,11,0,0,0,0,0,0,0
1372,0,0,0,0,0,0,0,0,12
1373,0,0,0,11,11,0,0,0,0
1381,11,11,0,0,0,0,0,0,0
1382,0,0,0,0,0,0,0,0,12
1383,0,0,0,11,11,0,0,0,0
1391,11,11,0,0,0,0,0,0,0
1392,0,0,0,0,0,0,0,0,12
1393,0,0,0,11,11,0,0,0,0
1401,11,11,0,0,0,0,0,0,0
1402,0,0,0,0,0,0,0,0,12
1403,0,0,0,11,11,0,0,0,0
1411,11,11,0,0,0,0,0,0,0
1412,0,0,0,0,0,0,0,0,12
1413,0,0,0,11,11,0,0,0,0
1421,11,11,0,0,0,0,0,0,0
1422,0,0,0,0,0,0,0,0,12
1423,0,0,0,11,11,0,0,0,0
1431,11,11,0,0,0,0,0,0,0
1432,0,0,0,0,0,0,0,0,12
1433,0,0,0,11,11,0,0,0,0
1441,11,11,0,0,0,0,0,0,0
1442,0,0,0,0,0,0,0,0,12
1443,0,0,0,11,11,0,0,0,0
1451,11,11,0,0,0,0,0,0,0
1452,0,0,0,0,0,0,0,0,12
1453,0,0,0,11,11,0,0,0,0
1461,11,11,0,0,0,0,0,0,0
1462,0,0,0,0,0,0,0,0,12
1463,0,0,0,11,11,0,0,0,0
1471,11,11,0,0,0,0,0,0,0
1472,0,0,0,0,0,0,0,0,12
1473,0,0,0,11,11,0,0,0,0
1481,11,11,0,0,0,0,0,0,0
1482,0,0,0,0,0,0,0,0,12
1483,0,0,0,11,11,0,0,0,0
1491,11,11,0,0,0,0,0,0,0
1492,0,0,0,0,0,0,0,0,12
1493,0,0,0,11,11,0,0,0,0
1501,11,11,0,0,0,0,0,0,0
1502,0,0,0,0,0,0,0,0,12
1503,0,0,0,11,11,0,0,0,0
1511,11,11,0,0,0,0,0,0,0
1512,0,0,0,0,0,0,0,0,12
1513,0,0,0,11,11,0,0,0,0
1521,11,11,0,0,0,0,0,0,0
1522,0,0,0,0,0,0,0,0,12
1523,0,0,0,11,11,0,0,0,0
1531,11,11,0,0,0,0,0,0,0
1532,0,0,0,0,0,0,0,0,12
1533,0,0,0,11,11,0,0,0,0
1541,11,11,0,0,0,0,0,0,0
1542,0,0,0,0,0,0,0,0,12
1543,0,0,0,11,11,0,0,0,0
1551,11,11,0,0,0,0,0,0,0
1552,0,0,0,0,0,0,0,0,12
1553,0,0,0,11,11,0,0,0,0
1561,11,11,0,0,0,0,0,0,0
1562,0,0,0,0,0,0,0,0,12
1563,0,0,0,11,11,0,0,0,0
1571,11,11,0,0,0,0,0,0,0
1572,0,0,0,0,0,0,0,0,12
1573,0,0,0,11,11,0,0,0,0
1581,11,11,0,0,0,0,0,0,0
1582,0,0,0,0,0,0,0,0,12
1583,0,0,0,11,11,0,0,0,0
1591,11,11,0,0,0,0,0,0,0
1592,0,0,0,0,0,0,0,0,12
1593,0,0,0,11,11,0,0,0,0
1601,11,11,0,0,0,0,0,0,0
1602,0,0,0,0,0,0,0,0,12
1603,0,0,0,11,11,0,0,0,0
1611,11,11,0,0,0,0,0,0,0
1612,0,0,0,0,0,0,0,0,12
1613,0,0,0,11,11,0,0,0,0
1621,11,11,0,0,0,0,0,0,0
1622,0,0,0,0,0,0,0,0,12
1623,0,0,0,11,11,0,0,0,0
1631,11,11,0,0,0,0,0,0,0
1632,0,0,0,0,0,0,0,0,12
1633,0,0,0,11,11,0,0,0,0
1641,11,11,0,0,0,0,0,0,0
1642,0,0,0,0,0,0,0,0,12
1643,0,0,0,11,11,0,0,0,0
1651,11,11,0,0,0,0,0,0,0
1652,0,0,0,0,0,0,0,0,12
1653,0,0,0,11,11,0,0,0,0
1661,11,11,0,0,0,0,0,0,0
1662,0,0,0,0,0,0,0,0,12
1663,0,0,0,11,11,0,0,0,0
1671,11,11,0,0,0,0,0,0,0
1672,0,0,0,0,0,0,0,0,12
1673,0,0,0,11,11,0,0,0,0
1681,11,11,0,0,0,0,0,0,0
1682,0,0,0,0,0,0,0,0,12
1683,0,0,0,11,11,0,0,0,0
1691,11,11,0,0,0,0,0,0,0
1692,0,0,0,0,0,0,0,0,12
1693,0,0,0,11,11,0,0,0,0
1701,11,11,0,0,0,0,0,0,0
1702,0,0,0,0,0,0,0,0,12
1703,0,0,0,11,11,0,0,0,0
1711,11,11,0,0,0,0,0,0,0
1712,0,0,0,0,0,0,0,0,12
1713,0,0,0,11,11,0,0,0,0
1721,11,11,0,0,0,0,0,0,0
1722,0,0,0,0,0,0,0,0,12
1723,0,0,0,11,11,0,0,0,0
1731,11,11,0,0,0,0,0,0,0
1732,0,0,0,0,0,0,0,0,12
1733,0,0,0,11,11,0,0,0,0
1741,11,11,0,0,0,0,0,0,0
1742,0,0,0,0,0,0,0,0,12
1743,0,0,0,11,11,0,0,0,0
1751,11,11,0,0,0,0,0,0,0
1752,0,0,0,0,0,0,0,0,12
1753,0,0,0,11,11,0,0,0,0
1761,11,11,0,0,0,0,0,0,0
1762,0,0,0,0,0,0,0,0,12
1763,0,0,0,11,11,0,0,0,0
1771,11,11,0,0,0,0,0,0,0
1772,0,0,0,0,0,0,0,0,12
1773,0,0,0,11,11,0,0,0,0
1781,11,11,0,0,0,0,0,0,0
1782,0,0,0,0,0,0,0,0,12
1783,0,0,0,11,11,0,0,0,0
1791,11,11,0,0,0,0,0,0,0
1792,0,0,0,0,0,0,0,0,12
1793,0,0,0,11,11,0,0,0,0
1801,11,11,0,0,0,0,0,0,0
1802,0,0,0,0,0,0,0,0,12
1803,0,0,0,11,11,0,0,0,0
1811,11,11,0,0,0,0,0,0,0
1812,0,0,0,0,0,0,0,0,12
1813,0,0,0,11,11,0,0,0,0
1821,11,11,0,0,0,0,0,0,0
1822,0,0,0,0,0,0,0,0,12
1823,0,0,0,11,11,0,0,0,0
1831,11,11,0,0,0,0,0,0,0
1832,0,0,0,0,0,0,0,0,12
1833,0,0,0,11,11,0,0,0,0
1841,11,11,0,0,0,0,0,0,0
1842,0,0,0,0,0,0,0,0,12
1843,0,0,0,11,11,0,0,0,0
1851,11,11,0,0,0,0,0,0,0
1852,0,0,0,0,0,0,0,0,12
1853,0,0,0,11,11,0,0,0,0
1861,11,11,0,0,0,0,0,0,0
1862,0,0,0,0,0,0,0,0,12
1863,0,0,0,11,11,0,0,0,0
1871,11,11,0,0,0,0,0,0,0
1872,0,0,0,0,0,0,0,0,12
1873,0,0,0,11,11,0,0,0,0
1881,11,11,0,0,0,0,0,0,0
1882,0,0,0,0,0,0,0,0,12
1883,0,0,0,11,11,0,0,0,0
1891,11,11,0,0,0,0,0,0,0
1892,0,0,0,0,0,0,0,0,12
1893,0,0,0,11,11,0,0,0,0
1901,11,11,0,0,0,0,0,0,0
1902,0,0,0,0,0,0,0,0,12
1903,0,0,0,11,11,0,0,0,0
1911,11,11,0,0,0,0,0,0,0
1912,0,0,0,0,0,0,0,0,12
1913,0,0,0,11,11,0,0,0,0
1921,11,11,0,0,0,0,0,0,0
1922,0,0,0,0,0,0,0,0,12
1923,0,0,0,11,11,0,0,0,0
1931,11,11,0,0,0,0,0,0,0
1932,0,0,0,0,0,0,0,0,12
1933,0,0,0,11,11,0,0,0,0
1941,11,11,0,0,0,0,0,0,0
1942,0,0,0,0,0,0,0,0,12
1943,0,0,0,11,11,0,0,0,0
1951,11,11,0,0,0,0,0,0,0
1952,0,0,0,0,0,0,0,0,12
1953,0,0,0,11,11,0,0,0,0
1961,11,11,0,0,0,0,0,0,0
1962,0,0,0,0,0,0,0,0,12
1963,0,0,0,11,11,0,0,0,0
1971,11,11,0,0,0,0,0,0,0
1972,0,0,0,0,0,0,0,0,12
1973,0,0,0,11,11,0,0,0,0
1981,11,11,0,0,0,0,0,0,0
1982,0,0,0,0,0,0,0,0,12
1983,0,0,0,11,11,0,0,0,0
1991,11,11,0,0,0,0,0,0,0
1992,0,0,0,0,0,0,0,0,12
1993,0,0,0,11,11,0,0,0,0
2001,11,11,0,0,0,0,0,0,0
2002,0,0,0,0,0,0,0,0,12
2003,0,0,0,11,11,0,0,0,0
2011,11,11,0,0,0,0,0,0,0
2012,0,0,0,0,0,0,0,0,12
2013,0,0,0,11,11,0,0,0,0
2021,11,11,0,0,0,0,0,0,0
2022,0,0,0,0,0,0,0,0,12
2023,0,0,0,11,11,0,0,0,0
2031,11,11,0,0,0,0,0,0,0
2032,0,0,0,0,0,0,0,0,12
2033,0,0,0,11,11,0,0,0,0
2041,11,11,0,0,0,0,0,0,0
2042,0,0,0,0,0,0,0,0,12
2043,0,0,0,11,11,0,0,0,0
2051,11,11,0,0,0,0,0,0,0
2052,0,0,0,0,0,0,0,0,12
2053,0,0,0,11,11,0,0,0,0
2061,11,11,0,0,0,0,0,0,0
2062,0,0,0,0,0,0,0,0,12
2063,0,0,0,11,11,0,0,0,0
2071,11,11,0,0,0,0,0,0,0
2072,0,0,0,0,0,0,0,0,12
2073,0,0,0,11,11,0,0,0,0
2081,11,11,0,0,0,0,0,0,0
2082,0,0,0,0,0,0,0,0,12
2083,0,0,0,11,11,0,0,0,0
2091,11,11,0,0,0,0,0,0,0
2092,0,0,0,0,0,0,0,0,12
2093,0,0,0,11,11,0,0,0,0
2101,11,11,0,0,0,0,0,0,0
2102,0,0,0,0,0,0,0,0,12
2103,0,0,0,11,11,0,0,0,0
2111,11,11,0,0,0,0,0,0,0
2112,0,0,0,0,0,0,0,0,12
2113,0,0,0,11,11,0,0,0,0
2121,11,11,0,0,0,0,0,0,0
2122,0,0,0,0,0,0,0,0,12
2123,0,0,0,11,11,0,0,0,0
2131,11,11,0,0,0,0,0,0,0
2132,0,0,0,0,0,0,0,0,12
2133,0,0,0,11,11,0,0,0,0
2141,11,11,0,0,0,0,0,0,0
2142,0,0,0,0,0,0,0,0,12
2143,0,0,0,11,11,0,0,0,0
2151,11,11,0,0,0,0,0,0,0
2152,0,0,0,0,0,0,0,0,12
2153,0,0,0,11,11,0,0,0,0
2161,11,11,0,0,0,0,0,0,0
2162,0,0,0,0,0,0,0,0,12
2163,0,0,0,11,11,0,0,0,0
2171,11,11,0,0,0,0,0,0,0
2172,0,0,0,0,0,0,0,0,12
2173,0,0,0,11,11,0,0,0,0
2181,11,11,0,0,0,0,0,0,0
2182,0,0,0,0,0,0,0,0,12
2183,0,0,0,11,11,0,0,0,0
2191,11,11,0,0,0,0,0,0,0
2192,0,0,0,0,0,0,0,0,12
2193,0,0,0,11,11,0,0,0,0
2201,11,11,0,0,0,0,0,0,0
2202,0,0,0,0,0,0,0,0,12
2203,0,0,0,11,11,0,0,0,0
2211,11,11,0,0,0,0,0,0,0
2212,0,0,0,0,0,0,0,0,12
2213,0,0,0,11,11,0,0,0,0
2221,11,11,0,0,0,0,0,0,0
2222,0,0,0,0,0,0,0,0,12
2223,0,0,0,11,11,0,0,0,0
2231,11,11,0,0,0,0,0,0,0
2232,0,0,0,0,0,0,0,0,12
2233,0,0,0,11,11,0,0,0,0
2241,11,11,0,0,0,0,0,0,0
2242,0,0,0,0,0,0,0,0,12
2243,0,0,0,11,11,0,0,0,0
2251,11,11,0,0,0,0,0,0,0
2252,0,0,0,0,0,0,0,0,12
2253,0,0,0,11,11,0,0,0,0
2261,11,11,0,0,0,0,0,0,0
2262,0,0,0,0,0,0,0,0,12
2263,0,0,0,11,11,0,0,0,0
2271,11,11,0,0,0,0,0,0,0
2272,0,0,0,0,0,0,0,0,12
2273,0,0,0,11,11,0,0,0,0
2281,11,11,0,0,0,0,0,0,0
2282,0,0,0,0,0,0,0,0,12
2283,0,0,0,11,11,0,0,0,0
2291,11,11,0,0,0,0,0,0,0
2292,0,0,0,0,0,0,0,0,12
2293,0,0,0,11,11,0,0,0,0
2301,11,11,0,0,0,0,0,0,0
2302,0,0,0,0,0,0,0,0,12
2303,0,0,0,11,11,0,0,0,0
2311,11,11,0,0,0,0,0,0,0
2312,0,0,0,0,0,0,0,0,12
2313,0,0,0,11,11,0,0,0,0
2321,11,11,0,0,0,0,0,0,0
2322,0,0,0,0,0,0,0,0,12
2323,0,0,0,11,11,0,0,0,0
2331,11,11,0,0,0,0,0,0,0
2332,0,0,0,0,0,0,0,0,12
2333,0,0,0,11,11,0,0,0,0
2341,11,11,0,0,0,0,0,0,0
2342,0,0,0,0,0,0,0,0,12
2343,0,0,0,11,11,0,0,0,0
2351,11,11,0,0,0,0,0,0,0
2352,0,0,0,0,0,0,0,0,12
2353,0,0,0,11,11,0,0,0,0
2361,11,11,0,0,0,0,0,0,0
2362,0,0,0,0,0,0,0,0,12
2363,0,0,0,11,11,0,0,0,0
2371,11,11,0,0,0,0,0,0,0
2372,0,0,0,0,0,0,0,0,12
2373,0,0,0,11,11,0,0,0,0
2381,11,11,0,0,0,0,0,0,0
2382,0,0,0,0,0,0,0,0,12
2383,0,0,0,11,11,0,0,0,0
2391,11,11,0,0,0,0,0,0,0
2392,0,0,0,0,0,0,0,0,12
2393,0,0,0,11,11,0,0,0,0
2401,11,11,0,0,0,0,0,0,0
2402,0,0,0,0,0,0,0,0,12
2403,0,0,0,11,11,0,0,0,0
2411,11,11,0,0,0,0,0,0,0
2412,0,0,0,0,0,0,0,0,12
2413,0,0,0,11,11,0,0,0,0
2421,11,11,0,0,0,0,0,0,0
2422,0,0,0,0,0,0,0,0,12
2423,0,0,0,11,11,0,0,0,0
2431,11,11,0,0,0,0,0,0,0
2432,0,0,0,0,0,0,0,0,12
2433,0,0,0,11,11,0,0,0,0
2441,11,11,0,0,0,0,0,0,0
2442,0,0,0,0,0,0,0,0,12
2443,0,0,0,11,11,0,0,0,0
2451,11,11,0,0,0,0,0,0,0
2452,0,0,0,0,0,0,0,0,12
2453,0,0,0,11,11,0,0,0,0
2461,11,11,0,0,0,0,0,0,0
2462,0,0,0,0,0,0,0,0,12
2463,0,0,0,11,11,0,0,0,0
2471,11,11,0,0,0,0,0,0,0
2472,0,0,0,0,0,0,0,0,12
2473,0,0,0,11,11,0,0,0,0
2481,11,11,0,0,0,0,0,0,0
2482,0,0,0,0,0,0,0,0,12
2483,0,0,0,11,11,0,0,0,0
2491,11,11,0,0,0,0,0,0,0
2492,0,0,0,0,0,0,0,0,12
2493,0,0,0,11,11,0,0,0,0
2501,11,11,0,0,0,0,0,0,0
2502,0,0,0,0,0,0,0,0,12
2503,0,0,0,11,11,0,0,0,0
2511,11,11,0,0,0,0,0,0,0
2512,0,0,0,0,0,0,0,0,12
2513,0,0,0,11,11,0,0,0,0
2521,11,11,0,0,0,0,0,0,0
2522,0,0,0,0,0,0,0,0,12
2523,0,0,0,11,11,0,0,0,0
2531,11,11,0,0,0,0,0,0,0
2532,0,0,0,0,0,0,0,0,12
2533,0,0,0,11,11,0,0,0,0
2541,11,11,0,0,0,0,0,0,0
2542,0,0,0,0,0,0,0,0,12
2543,0,0,0,11,11,0,0,0,0
2551,11,11,0,0,0,0,0,0,0
2552,0,0,0,0,0,0,0,0,12
2553,0,0,0,11,11,0,0,0,0
2561,11,11,0,0,0,0,0,0,0
2562,0,0,0,0,0,0,0,0,12
2563,0,0,0,11,11,0,0,0,0
2571,11,11,0,0,0,0,0,0,0
2572,0,0,0,0,0,0,0,0,12
2573,0,0,0,11,11,0,0,0,0
2581,11,11,0,0,0,0,0,0,0
2582,0,0,0,0,0,0,0,0,12
2583,0,0,0,11,11,0,0,0,0
2591,11,11,0,0,0,0,0,0,0
2592,0,0,0,0,0,0,0,0,12
2593,0,0,0,11,11,0,0,0,0
2601,11,11,0,0,0,0,0,0,0
2602,0,0,0,0,0,0,0,0,12
2603,0,0,0,11,11,0,0,0,0
2611,11,11,0,0,0,0,0,0,0
2612,0,0,0,0,0,0,0,0,12
2613,0,0,0,11,11,0,0,0,0
2621,11,11,0,0,0,0,0,0,0
2622,0,0,0,0,0,0,0,0,12
2623,0,0,0,11,11,0,0,0,0
2631,11,11,0,0,0,0,0,0,0
2632,0,0,0,0,0,0,0,0,12
2633,0,0,0,11,11,0,0,0,0
2641,11,11,0,0,0,0,0,0,0
2642,0,0,0,0,0,0,0,0,12
2643,0,0,0,11,11,0,0,0,0
2651,11,11,0,0,0,0,0,0,0
2652,0,0,0,0,0,0,0,0,12
2653,0,0,0,11,11,0,0,0,0
2661,11,11,0,0,0,0,0,0,0
2662,0,0,0,0,0,0,0,0,12
2663,0,0,0,11,11,0,0,0,0
2671,11,11,0,0,0,0,0,0,0
2672,0,0,0,0,0,0,0,0,12
2673,0,0,0,11,11,0,0,0,0
2681,11,11,0,0,0,0,0,0,0
2682,0,0,0,0,0,0,0,0,12
2683,0,0,0,11,11,0,0,0,0
2691,11,11,0,0,0,0,0,0,0
2692,0,0,0,0,0,0,0,0,12
2693,0,0,0,11,11,0,0,0,0
2701,11,11,0,0,0,0,0,0,0
2702,0,0,0,0,0,0,0,0,12
2703,0,0,0,11,11,0,0,0,0
2711,11,11,0,0,0,0,0,0,0
2712,0,0,0,0,0,0,0,0,12
2713,0,0,0,11,11,0,0,0,0
2721,11,11,0,0,0,0,0,0,0
2722,0,0,0,0,0,0,0,0,12
2723,0,0,0,11,11,0,0,0,0
2731,11,11,0,0,0,0,0,0,0
2732,0,0,0,0,0,0,0,0,12
2733,0,0,0,11,11,0,0,0,0
2741,11,11,0,0,0,0,0,0,0
2742,0,0,0,0,0,0,0,0,12
2743,0,0,0,11,11,0,0,0,0
2751,11,11,0,0,0,0,0,0,0
2752,0,0,0,0,0,0,0,0,12
2753,0,0,0,11,11,0,0,0,0
2761,11,11,0,0,0,0,0,0,0
2762,0,0,0,0,0,0,0,0,12
2763,0,0,0,11,11,0,0,0,0
2771,11,11,0,0,0,0,0,0,0
2772,0,0,0,0,0,0,0,0,12
2773,0,0,0,11,11,0,0,0,0
2781,11,11,0,0,0,0,0,0,0
2782,0,0,0,0,0,0,0,0,12
2783,0,0,0,11,11,0,0,0,0
2791,11,11,0,0,0,0,0,0,0
2792,0,0,0,0,0,0,0,0,12
2793,0,0,0,11,11,0,0,0,0
2801,11,11,0,0,0,0,0,0,0
2802,0,0,0,0,0,0,0,0,12
2803,0,0,0,11,11,0,0,0,0
2811,11,11,0,0,0,0,0,0,0
2812,0,0,0,0,0,0,0,0,12
2813,0,0,0,11,11,0,0,0,0
2821,11,11,0,0,0,0,0,0,0
2822,0,0,0,0,0,0,0,0,12
2823,0,0,0,11,11,0,0,0,0
2831,11,11,0,0,0,0,0,0,0
2832,0,0,0,0,0,0,0,0,12
2833,0,0,0,11,11,0,0,0,0
2841,11,11,0,0,0,0,0,0,0
2842,0,0,0,0,0,0,0,0,12
2843,0,0,0,11,11,0,0,0,0
2851,11,11,0,0,0,0,0,0,0
2852,0,0,0,0,0,0,0,0,12
2853,0,0,0,11,11,0,0,0,0
2861,11,11,0,0,0,0,0,0,0
2862,0,0,0,0,0,0,0,0,12
2863,0,0,0,11,11,0,0,0,0
2871,11,11,0,0,0,0,0,0,0
2872,0,0,0,0,0,0,0,0,12
2873,0,0,0,11,11,0,0,0,0
2881,11,11,0,0,0,0,0,0,0
2882,0,0,0,0,0,0,0,0,12
2883,0,0,0,11,11,0,0,0,0
2891,11,11,0,0,0,0,0,0,0
2892,0,0,0,0,0,0,0,0,12
2893,0,0,0,11,11,0,0,0,0
2901,11,11,0,0,0,0,0,0,0
2902,0,0,0,0,0,0,0,0,12
2903,0,0,0,11,11,0,0,0,0
2911,11,11,0,0,0,0,0,0,0
2912,0,0,0,0,0,0,0,0,12
2913,0,0,0,11,11,0,0,0,0
2921,11,11,0,0,0,0,0,0,0
2922,0,0,0,0,0,0,0,0,12
2923,0,0,0,11,11,0,0,0,0
2931,11,11,0,0,0,0,0,0,0
2932,0,0,0,0,0,0,0,0,12
2933,0,0,0,11,11,0,0,0,0
2941,11,11,0,0,0,0,0,0,0
2942,0,0,0,0,0,0,0,0,12
2943,0,0,0,11,11,0,0,0,0
2951,11,11,0,0,0,0,0,0,0
2952,0,0,0,0,0,0,0,0,12
2953,0,0,0,11,11,0,0,0,0
2961,11,11,0,0,0,0,0,0,0
2962,0,0,0,0,0,0,0,0,12
2963,0,0,0,11,11,0,0,0,0
2971,11,11,0,0,0,0,0,0,0
2972,0,0,0,0,0,0,0,0,12
2973,0,0,0,11,11,0,0,0,0
2981,11,11,0,0,0,0,0,0,0
2982,0,0,0,0,0,0,0,0,12
2983,0,0,0,11,11,0,0,0,0
2991,11,11,0,0,0,0,0,0,0
2992,0,0,0,0,0,0,0,0,12
2993,0,0,0,11,11,0,0,0,0
3001,11,11,0,0,0,0,0,0,0
3002,0,0,0,0,0,0,0,0,12
3003,0,0,0,11,11,0,0,0,0
