idx,kr312,en52
1,제네시스,Genesis
2,아투온,Atuon
3,Str,Str
4,Vit,Vit
5,Agi,Agi
6,Dex,Dex
7,Luk,Luk
8,워터루스,Waterus
9,오레우스,Oreus
10,두리우스,Durius
11,코코우라,Cocoura
12,베리우라,Berryura
13,멜로우라,Meloura
14,파이쿠스,Piecus
15,바나쿠스,Banacus
16,람쿠스,Ramcus
17,티곤,Tigon
1001,오렌지 사이얀,Orange Saiyan
1002,파란 도마뱀,Blue Gekko
1003,그르르르,Grrrr.
1004,날카로운 등껍질,
1005,뾰족 ,
1006,초승달 뿔,
1007,부은 눈,swollen eyes
1008,,
1009,,
1010,,
1011,,
1012,파란 염소,Blue Goat
1013,톱날,Saw blade
1014,반쪽 오렌지,
1015,,
1016,,
1017,,
1018,,
1019,,
1020,,
1021,,
1022,,
1023,,
1024,,
1025,,
1026,,
1027,,
1028,,
1029,,
1030,,
1031,,
1032,,
1033,,
1034,,
1035,,
1036,,
1037,,
1038,,
1039,,
1040,,
1041,,
1042,,
1043,,
1044,,
1045,,
1046,,
1047,,
1048,,
1049,,
1050,,
1051,,
1052,,
1053,,
1054,,
1055,,
1056,,
1057,,
1058,,
1059,,
1060,,
10001,근접 공격,
10002,원거리 공격,
10003,근접 멀티 공격,
10004,발걸음,
11001,적군 한 명을 근거리로 타격합니다.,
11002,적군 한 명을 원거리로 타격합니다.,
11003,적군 한 라인을 모두 타격합니다.,
11004,한칸 이동이 가능합니다.,
20001,물어뜯기,
20002,화염뿜기,
20003,메테오,
20004,파이어볼,
20005,힐링,
20006,박치기,
20011,적 하나를 근거리로 타격합니다.,
20012,적 셋을 화염으로 타격합니다.,
20013,적 전체를 타격합니다.,
20014,원거리로 적군 한명을 타격합니다.,
20015,아군 하나를 회복 시킵니다.,
20016,적 하나를 일정 확률로 기절 시킵니다.,
skill_name_1,디노 스킬1,
skill_name_2,디노 스킬2,
skill_name_3,디노 스킬3,
skill_name_4,디노 스킬4,
skill_name_5,디노 스킬5,
skill_name_6,디노 스킬6,
skill_name_7,디노 스킬7,
skill_name_8,디노 스킬8,
skill_name_9,디노 스킬9,
skill_name_10,디노 스킬10,
skill_name_501,몬스터 스킬1,
skill_name_502,몬스터 스킬2,
skill_name_503,몬스터 스킬3,
skill_name_504,몬스터 스킬4,
skill_name_505,몬스터 스킬5,
skill_name_506,몬스터 스킬6,
skill_name_507,몬스터 스킬7,
skill_name_508,몬스터 스킬8,
skill_name_509,몬스터 스킬9,
skill_name_510,몬스터 스킬10,
skill_name_1001,오렌지 머리1 - Headbutt,
skill_name_1002,오렌지 머리2 - moon_sword,
skill_name_1003,오렌지 머리3 - rolling_attack,
skill_name_1004,오렌지 머리1 - Headbutt,
skill_name_1005,수박 머리1 - Headbutt_rolling,
skill_name_1006,수박 머리2 - seed_gun,
skill_name_1007,수박 머리3 - seed_turn,
skill_name_1008,수박 머리1 - Headbutt_rolling,
skill_name_1009,오렌지 머리1 - Headbutt,
skill_name_1010,오렌지 머리2 - moon_sword,
skill_name_1011,오렌지 머리3 - rolling_attack,
skill_name_1012,오렌지 머리1 - Headbutt,
skill_name_1013,코코넛 머리1 - barrier01,
skill_name_1014,코코넛 머리2 - Headbutt,
skill_name_1015,코코넛 머리1 - barrier01,
skill_name_1016,코코넛 머리2 - Headbutt,
skill_name_1017,블루베리 머리1 - berry_gun,
skill_name_1018,블루베리 머리2 - bubble_shotgun,
skill_name_1019,블루베리 머리3 - parabola_shot,
skill_name_1020,블루베리 머리1 - berry_gun,
skill_name_1021,수박 머리1 - Headbutt_rolling,
skill_name_1022,수박 머리2 - seed_gun,
skill_name_1023,수박 머리3 - seed_turn,
skill_name_1024,수박 머리1 - Headbutt_rolling,
skill_name_1025,코코넛 머리1 - barrier01,
skill_name_1026,코코넛 머리2 - Headbutt,
skill_name_1027,코코넛 머리1 - barrier01,
skill_name_1028,코코넛 머리2 - Headbutt,
skill_name_1029,블루베리 머리1 - berry_gun,
skill_name_1030,블루베리 머리2 - bubble_shotgun,
skill_name_1031,블루베리 머리3 - parabola_shot,
skill_name_1032,블루베리 머리1 - berry_gun,
skill_name_1033,용과 머리1 - fly_air_breath,
skill_name_1034,용과 머리2 - tumbleing_breath,
skill_name_1035,용과 머리1 - fly_air_breath,
skill_name_1036,용과 머리2 - tumbleing_breath,
skill_name_1037,용과 머리1 - fly_air_breath,
skill_name_1038,용과 머리2 - tumbleing_breath,
skill_name_1039,용과 머리1 - fly_air_breath,
skill_name_1040,용과 머리2 - tumbleing_breath,
skill_name_1101,오렌지 꼬리1 - buff01,
skill_name_1102,오렌지 꼬리2 - tail_drill,
skill_name_1103,오렌지 꼬리3 - tail_knife,
skill_name_1104,오렌지 꼬리1 - buff01,
skill_name_1105,수박 꼬리1 - buff01,
skill_name_1106,수박 꼬리2 - healing01,
skill_name_1107,수박 꼬리3 - jump_attack,
skill_name_1108,수박 꼬리1 - buff01,
skill_name_1109,오렌지 꼬리1 - buff01,
skill_name_1110,오렌지 꼬리2 - tail_drill,
skill_name_1111,오렌지 꼬리3 - tail_knife,
skill_name_1112,오렌지 꼬리1 - buff01,
skill_name_1113,코코넛 꼬리1 - jump_attack,
skill_name_1114,코코넛 꼬리2 - stomp,
skill_name_1115,코코넛 꼬리3 - tail_shot,
skill_name_1116,코코넛 꼬리1 - jump_attack,
skill_name_1117,블루베리 꼬리1 - jump_attack,
skill_name_1118,블루베리 꼬리2 - tumbling_shot,
skill_name_1119,블루베리 꼬리1 - jump_attack,
skill_name_1120,블루베리 꼬리2 - tumbling_shot,
skill_name_1121,수박 꼬리1 - buff01,
skill_name_1122,수박 꼬리2 - healing01,
skill_name_1123,수박 꼬리3 - jump_attack,
skill_name_1124,수박 꼬리1 - buff01,
skill_name_1125,코코넛 꼬리1 - jump_attack,
skill_name_1126,코코넛 꼬리2 - stomp,
skill_name_1127,코코넛 꼬리3 - tail_shot,
skill_name_1128,코코넛 꼬리1 - jump_attack,
skill_name_1129,블루베리 꼬리1 - jump_attack,
skill_name_1130,블루베리 꼬리2 - tumbling_shot,
skill_name_1131,블루베리 꼬리1 - jump_attack,
skill_name_1132,블루베리 꼬리2 - tumbling_shot,
skill_name_1133,용과 꼬리1 - fly_l2r_breath,
skill_name_1134,용과 꼬리1 - fly_l2r_breath,
skill_name_1135,용과 꼬리1 - fly_l2r_breath,
skill_name_1136,용과 꼬리1 - fly_l2r_breath,
skill_name_1137,용과 꼬리1 - fly_l2r_breath,
skill_name_1138,용과 꼬리1 - fly_l2r_breath,
skill_name_1139,용과 꼬리1 - fly_l2r_breath,
skill_name_1140,용과 꼬리1 - fly_l2r_breath,
skill_name_2001,부상 - 기본 공격 불가,
skill_name_2002,부상 - 스킬1 공격 불가,
skill_name_2003,부상 - 스킬2 공격 불가,
skill_name_2004,부상 - 스킬1, 2 공격 불가,
skill_name_2005,부상 - 모든 공격 불가,
skill_name_2006,기절,
skill_name_2007,빙결,
skill_name_2008,수면,
skill_name_2009,매혹,
skill_name_2010,혼란,
skill_name_2011,분노,
skill_name_2012,도발,
skill_name_2013,직사 원거리 - 1인,
skill_name_2014,곡사 원거리 - 1인,
skill_name_2015,직사 원거리 - 멀티,
skill_name_2016,곡사 원거리 - 멀티,
skill_name_2017,다단 직사 원거리 - 1인,
skill_name_2018,다단 곡사 원거리 - 1인,
skill_name_2019,다단 직사 원거리 - 멀티,
skill_name_2020,다단 곡사 원거리 - 멀티,
skill_name_2021,대상정면 일반이동 후 제자리 액션,
skill_name_2022,진영중앙 일반이동 후 제자리 액션,
skill_name_2023,대상정면 액션(롤링)이동 후 제자리 액션,
skill_name_2024,진영중앙 액션(롤링)이동 후 제자리 액션,
skill_desc_1,디노 스킬1 설명,
skill_desc_2,디노 스킬2 설명,
skill_desc_3,디노 스킬3 설명,
skill_desc_4,디노 스킬4 설명,
skill_desc_5,디노 스킬5 설명,
skill_desc_6,디노 스킬6 설명,
skill_desc_7,디노 스킬7 설명,
skill_desc_8,디노 스킬8 설명,
skill_desc_9,디노 스킬9 설명,
skill_desc_10,디노 스킬10 설명,
skill_desc_501,몬스터 스킬1 설명,
skill_desc_502,몬스터 스킬2 설명,
skill_desc_503,몬스터 스킬3 설명,
skill_desc_504,몬스터 스킬4 설명,
skill_desc_505,몬스터 스킬5 설명,
skill_desc_506,몬스터 스킬6 설명,
skill_desc_507,몬스터 스킬7 설명,
skill_desc_508,몬스터 스킬8 설명,
skill_desc_509,몬스터 스킬9 설명,
skill_desc_510,몬스터 스킬10 설명,
skill_desc_1001,오렌지 머리 스킬1 설명,
skill_desc_1002,오렌지 머리 스킬2 설명,
skill_desc_1003,오렌지 머리 스킬3 설명,
skill_desc_1004,오렌지 머리 스킬4 설명,
skill_desc_1005,수박 머리 스킬1 설명,
skill_desc_1006,수박 머리 스킬2 설명,
skill_desc_1007,수박 머리 스킬3 설명,
skill_desc_1008,수박 머리 스킬4 설명,
skill_desc_1009,두리안 머리 스킬1 설명,
skill_desc_1010,두리안 머리 스킬2 설명,
skill_desc_1011,두리안 머리 스킬3 설명,
skill_desc_1012,두리안 머리 스킬4 설명,
skill_desc_1013,코코넛 머리 스킬1 설명,
skill_desc_1014,코코넛 머리 스킬2 설명,
skill_desc_1015,코코넛 머리 스킬3 설명,
skill_desc_1016,코코넛 머리 스킬4 설명,
skill_desc_1017,블루베리 머리 스킬1 설명,
skill_desc_1018,블루베리 머리 스킬2 설명,
skill_desc_1019,블루베리 머리 스킬3 설명,
skill_desc_1020,블루베리 머리 스킬4 설명,
skill_desc_1021,멜론 머리 스킬1 설명,
skill_desc_1022,멜론 머리 스킬2 설명,
skill_desc_1023,멜론 머리 스킬3 설명,
skill_desc_1024,멜론 머리 스킬4 설명,
skill_desc_1025,파인애플 머리 스킬1 설명,
skill_desc_1026,파인애플 머리 스킬2 설명,
skill_desc_1027,파인애플 머리 스킬3 설명,
skill_desc_1028,파인애플 머리 스킬4 설명,
skill_desc_1029,바나나 머리 스킬1 설명,
skill_desc_1030,바나나 머리 스킬2 설명,
skill_desc_1031,바나나 머리 스킬3 설명,
skill_desc_1032,바나나 머리 스킬4 설명,
skill_desc_1033,람부탄 머리 스킬1 설명,
skill_desc_1034,람부탄 머리 스킬2 설명,
skill_desc_1035,람부탄 머리 스킬3 설명,
skill_desc_1036,람부탄 머리 스킬4 설명,
skill_desc_1037,용과 머리 스킬1 설명,
skill_desc_1038,용과 머리 스킬2 설명,
skill_desc_1039,용과 머리 스킬3 설명,
skill_desc_1040,용과 머리 스킬4 설명,
skill_desc_1101,오렌지 꼬리 스킬1 설명,
skill_desc_1102,오렌지 꼬리 스킬2 설명,
skill_desc_1103,오렌지 꼬리 스킬3 설명,
skill_desc_1104,오렌지 꼬리 스킬4 설명,
skill_desc_1105,수박 꼬리 스킬1 설명,
skill_desc_1106,수박 꼬리 스킬2 설명,
skill_desc_1107,수박 꼬리 스킬3 설명,
skill_desc_1108,수박 꼬리 스킬4 설명,
skill_desc_1109,두리안 꼬리 스킬1 설명,
skill_desc_1110,두리안 꼬리 스킬2 설명,
skill_desc_1111,두리안 꼬리 스킬3 설명,
skill_desc_1112,두리안 꼬리 스킬4 설명,
skill_desc_1113,코코넛 꼬리 스킬1 설명,
skill_desc_1114,코코넛 꼬리 스킬2 설명,
skill_desc_1115,코코넛 꼬리 스킬3 설명,
skill_desc_1116,코코넛 꼬리 스킬4 설명,
skill_desc_1117,블루베리 꼬리 스킬1 설명,
skill_desc_1118,블루베리 꼬리 스킬2 설명,
skill_desc_1119,블루베리 꼬리 스킬3 설명,
skill_desc_1120,블루베리 꼬리 스킬4 설명,
skill_desc_1121,멜론 꼬리 스킬1 설명,
skill_desc_1122,멜론 꼬리 스킬2 설명,
skill_desc_1123,멜론 꼬리 스킬3 설명,
skill_desc_1124,멜론 꼬리 스킬4 설명,
skill_desc_1125,파인애플 꼬리 스킬1 설명,
skill_desc_1126,파인애플 꼬리 스킬2 설명,
skill_desc_1127,파인애플 꼬리 스킬3 설명,
skill_desc_1128,파인애플 꼬리 스킬4 설명,
skill_desc_1129,바나나 꼬리 스킬1 설명,
skill_desc_1130,바나나 꼬리 스킬2 설명,
skill_desc_1131,바나나 꼬리 스킬3 설명,
skill_desc_1132,바나나 꼬리 스킬4 설명,
skill_desc_1133,람부탄 꼬리 스킬1 설명,
skill_desc_1134,람부탄 꼬리 스킬2 설명,
skill_desc_1135,람부탄 꼬리 스킬3 설명,
skill_desc_1136,람부탄 꼬리 스킬4 설명,
skill_desc_1137,용과 꼬리 스킬1 설명,
skill_desc_1138,용과 꼬리 스킬2 설명,
skill_desc_1139,용과 꼬리 스킬3 설명,
skill_desc_1140,용과 꼬리 스킬4 설명,
skill_desc_2001,부상 - 기본 공격 불가,
skill_desc_2002,부상 - 스킬1 공격 불가,
skill_desc_2003,부상 - 스킬2 공격 불가,
skill_desc_2004,부상 - 스킬1, 2 공격 불가,
skill_desc_2005,부상 - 모든 공격 불가,
skill_desc_2006,기절,
skill_desc_2007,빙결,
skill_desc_2008,수면,
skill_desc_2009,매혹,
skill_desc_2010,혼란,
skill_desc_2011,분노,
skill_desc_2012,도발,
skill_desc_2013,직사 원거리 - 1인,
skill_desc_2014,곡사 원거리 - 1인,
skill_desc_2015,직사 원거리 - 멀티,
skill_desc_2016,곡사 원거리 - 멀티,
skill_desc_2017,직사 원거리 - 1인 - 다단,
skill_desc_2018,직사 원거리 - 1인 - 다단,
skill_desc_2019,다단 직사 원거리 - 멀티,
skill_desc_2020,다단 곡사 원거리 - 멀티,
skill_desc_2021,대상정면 일반이동 후 제자리 액션,
skill_desc_2022,진영중앙 일반이동 후 제자리 액션,
skill_desc_2023,대상정면 액션(롤링)이동 후 제자리 액션,
skill_desc_2024,진영중앙 액션(롤링)이동 후 제자리 액션,
stack_name_1,일시회복 테스트 스택,
stack_name_2,버프 테스트 스택,
stack_name_3,일시회복 + 버프 테스트 스택,
stack_name_4,일시피해 테스트 스택,
stack_name_5,디버프 테스트 스택,
stack_name_6,CC 테스트 스택,
stack_name_7,일시피해 + 디버프 테스트 스택,
stack_name_8,일시피해 + CC 테스트 스택,
stack_name_9,디버프 + CC 테스트 스택,
stack_name_10,일시피해 + 디버프 + CC 테스트 스택,
stack_name_11,일시피해 + 디버프 + CC 테스트 스택,
buff_name_100001,힘 증가 버프,
buff_name_100002,체력 증가 버프,
buff_name_100003,민첩 증가 버프,
buff_name_100004,재주 증가 버프,
buff_name_100005,행운 증가 버프,
buff_name_100006,공격 증가 버프,
buff_name_100007,방어 증가 버프,
buff_name_100008,방어관통 증가 버프,
buff_name_100009,HP 증가 버프,
buff_name_100010,명중 증가 버프,
buff_name_100011,회피 증가 버프,
buff_name_100012,치명 증가 버프,
buff_name_100013,치명피해 증가 버프,
buff_name_100014,상대저항 증가 버프,
buff_name_100015,속도 증가 버프,
buff_name_100016,상성 피해 증가 버프,
buff_name_100017,속성 버프 강화,
buff_name_100018,지속 회복,
buff_name_100019,지속 회복 + 힘 증가 버프,
debuff_name_200001,힘 감소 디버프 + 매턴 도트데미지,
debuff_name_200002,체력 감소 디버프,
debuff_name_200003,민첩 감소 디버프,
debuff_name_200004,재주 감소 디버프,
debuff_name_200005,행운 감소 디버프,
debuff_name_200006,공격 감소 디버프,
debuff_name_200007,방어 감소 디버프,
debuff_name_200008,방어관통 감소 디버프,
debuff_name_200009,HP 감소 디버프,
debuff_name_200010,명중 감소 디버프,
debuff_name_200011,회피 감소 디버프,
debuff_name_200012,치명 감소 디버프,
debuff_name_200013,치명피해 감소 디버프,
debuff_name_200014,상대저항 감소 디버프,
debuff_name_200015,속도 감소 디버프,
debuff_name_200016,상성 피해 약화 디버프,
debuff_name_200017,속성 버프 약화,
debuff_name_200018,지속 피해,
debuff_name_200019,지속 피해 + 디버프,
debuff_name_200020,지속 피해 + 디버프,
cc_name_1001,기절( 하급 ),
cc_name_1002,기절( 상급 ),
cc_name_2001,빙결( 하급 ),
cc_name_2002,빙결( 상급 ),
cc_name_3001,수면( 하급 ),
cc_name_3002,수면( 상급 ),
cc_name_4001,부상( 하급 ) - 몸,
cc_name_4002,부상( 상급 ) - 몸,
cc_name_7001,부상( 하급 ) - 머리/꼬리,
cc_name_7002,부상( 상급 ) - 머리/꼬리,
cc_name_8001,매혹( 하급 ),
cc_name_8002,매혹( 상급 ),
cc_name_9001,혼란( 하급 ),
cc_name_9002,혼란( 상급 ),
cc_name_10001,분노( 하급 ),
cc_name_10002,분노( 상급 ),
cc_name_11001,도발( 하급 ),
cc_name_11002,도발( 상급 ),
cc_name_12001,도발( 상급 ),
dino_class_1,오레우스,
dino_class_2,워터루스,
dino_class_3,두리우스,
dino_class_4,코코우라,
dino_class_5,베리우라,
dino_class_6,멜로우라,
dino_class_7,파이쿠스,
dino_class_8,바나쿠스,
dino_class_9,람쿠스,
dino_class_10,피타드라고,
stat_1,힘,
stat_2,체력,
stat_3,민첩,
stat_4,재주,
stat_5,운,
monster_name_1,몬스터 1,
monster_name_2,몬스터 2,
monster_name_3,몬스터 3,
monster_name_4,몬스터 4,
monster_name_5,몬스터 5,
monster_desc_1,몬스터 1 설명,
monster_desc_2,몬스터 2 설명,
monster_desc_3,몬스터 3 설명,
monster_desc_4,몬스터 4 설명,
monster_desc_5,몬스터 5 설명,
dino_tag_name_1,태그 1,
dino_tag_name_2,태그 2,
dino_tag_name_3,태그 3,
dino_tag_name_4,태그 4,
dino_tag_name_5,태그 5,
dino_tag_desc_1,태그 1 설명,
dino_tag_desc_2,태그 2 설명,
dino_tag_desc_3,태그 3 설명,
dino_tag_desc_4,태그 4 설명,
dino_tag_desc_5,태그 5 설명,
item_name_1,아이템 1,
item_name_2,아이템 2,
item_name_3,아이템 3,
item_name_4,아이템 4,
item_name_5,아이템 5,
item_desc_1,아이템 1 설명,
item_desc_2,아이템 2 설명,
item_desc_3,아이템 3 설명,
item_desc_4,아이템 4 설명,
item_desc_5,아이템 5 설명,
attribute_1,낮,
attribute_2,밤,
attribute_3,새벽,
attribute_4,일식,
stage_name_1,모험 1-1 [쉬움],
stage_name_2,모험 1-2 [쉬움],
stage_name_3,모험 1-3 [쉬움],
stage_name_4,모험 1-4 [쉬움],
stage_name_5,모험 1-5 [쉬움],
stage_name_6,모험 1-6 [쉬움],
stage_name_7,모험 1-7 [쉬움],
stage_name_8,모험 1-8 [쉬움],
stage_name_9,모험 1-9 [쉬움],
stage_name_10,모험 1-10 [쉬움],
stage_name_11,모험 2-1 [쉬움],
stage_name_12,모험 2-2 [쉬움],
stage_name_13,모험 2-3 [쉬움],
stage_name_14,모험 2-4 [쉬움],
stage_name_15,모험 2-5 [쉬움],
stage_name_16,모험 2-6 [쉬움],
stage_name_17,모험 2-7 [쉬움],
stage_name_18,모험 2-8 [쉬움],
stage_name_19,모험 2-9 [쉬움],
stage_name_20,모험 2-10 [쉬움],
stage_name_21,모험 3-1 [쉬움],
stage_name_22,모험 3-2 [쉬움],
stage_name_23,모험 3-3 [쉬움],
stage_name_24,모험 3-4 [쉬움],
stage_name_25,모험 3-5 [쉬움],
stage_name_26,모험 3-6 [쉬움],
stage_name_27,모험 3-7 [쉬움],
stage_name_28,모험 3-8 [쉬움],
stage_name_29,모험 3-9 [쉬움],
stage_name_30,모험 3-10 [쉬움],
stage_name_31,모험 4-1 [쉬움],
stage_name_32,모험 4-2 [쉬움],
stage_name_33,모험 4-3 [쉬움],
stage_name_34,모험 4-4 [쉬움],
stage_name_35,모험 4-5 [쉬움],
stage_name_36,모험 4-6 [쉬움],
stage_name_37,모험 4-7 [쉬움],
stage_name_38,모험 4-8 [쉬움],
stage_name_39,모험 4-9 [쉬움],
stage_name_40,모험 4-10 [쉬움],
stage_name_41,모험 5-1 [쉬움],
stage_name_42,모험 5-2 [쉬움],
stage_name_43,모험 5-3 [쉬움],
stage_name_44,모험 5-4 [쉬움],
stage_name_45,모험 5-5 [쉬움],
stage_name_46,모험 5-6 [쉬움],
stage_name_47,모험 5-7 [쉬움],
stage_name_48,모험 5-8 [쉬움],
stage_name_49,모험 5-9 [쉬움],
stage_name_50,모험 5-10 [쉬움],
stage_name_51,모험 6-1 [쉬움],
stage_name_52,모험 6-2 [쉬움],
stage_name_53,모험 6-3 [쉬움],
stage_name_54,모험 6-4 [쉬움],
stage_name_55,모험 6-5 [쉬움],
stage_name_56,모험 6-6 [쉬움],
stage_name_57,모험 6-7 [쉬움],
stage_name_58,모험 6-8 [쉬움],
stage_name_59,모험 6-9 [쉬움],
stage_name_60,모험 6-10 [쉬움],
stage_name_61,모험 7-1 [쉬움],
stage_name_62,모험 7-2 [쉬움],
stage_name_63,모험 7-3 [쉬움],
stage_name_64,모험 7-4 [쉬움],
stage_name_65,모험 7-5 [쉬움],
stage_name_66,모험 7-6 [쉬움],
stage_name_67,모험 7-7 [쉬움],
stage_name_68,모험 7-8 [쉬움],
stage_name_69,모험 7-9 [쉬움],
stage_name_70,모험 7-10 [쉬움],
stage_name_71,모험 8-1 [쉬움],
stage_name_72,모험 8-2 [쉬움],
stage_name_73,모험 8-3 [쉬움],
stage_name_74,모험 8-4 [쉬움],
stage_name_75,모험 8-5 [쉬움],
stage_name_76,모험 8-6 [쉬움],
stage_name_77,모험 8-7 [쉬움],
stage_name_78,모험 8-8 [쉬움],
stage_name_79,모험 8-9 [쉬움],
stage_name_80,모험 8-10 [쉬움],
stage_name_81,모험 9-1 [쉬움],
stage_name_82,모험 9-2 [쉬움],
stage_name_83,모험 9-3 [쉬움],
stage_name_84,모험 9-4 [쉬움],
stage_name_85,모험 9-5 [쉬움],
stage_name_86,모험 9-6 [쉬움],
stage_name_87,모험 9-7 [쉬움],
stage_name_88,모험 9-8 [쉬움],
stage_name_89,모험 9-9 [쉬움],
stage_name_90,모험 9-10 [쉬움],
stage_name_91,모험 10-1 [쉬움],
stage_name_92,모험 10-2 [쉬움],
stage_name_93,모험 10-3 [쉬움],
stage_name_94,모험 10-4 [쉬움],
stage_name_95,모험 10-5 [쉬움],
stage_name_96,모험 10-6 [쉬움],
stage_name_97,모험 10-7 [쉬움],
stage_name_98,모험 10-8 [쉬움],
stage_name_99,모험 10-9 [쉬움],
stage_name_100,모험 10-10 [쉬움],
stage_name_101,모험 1-1 [보통],
stage_name_102,모험 1-2 [보통],
stage_name_103,모험 1-3 [보통],
stage_name_104,모험 1-4 [보통],
stage_name_105,모험 1-5 [보통],
stage_name_106,모험 1-6 [보통],
stage_name_107,모험 1-7 [보통],
stage_name_108,모험 1-8 [보통],
stage_name_109,모험 1-9 [보통],
stage_name_110,모험 1-10 [보통],
stage_name_111,모험 2-1 [보통],
stage_name_112,모험 2-2 [보통],
stage_name_113,모험 2-3 [보통],
stage_name_114,모험 2-4 [보통],
stage_name_115,모험 2-5 [보통],
stage_name_116,모험 2-6 [보통],
stage_name_117,모험 2-7 [보통],
stage_name_118,모험 2-8 [보통],
stage_name_119,모험 2-9 [보통],
stage_name_120,모험 2-10 [보통],
stage_name_121,모험 3-1 [보통],
stage_name_122,모험 3-2 [보통],
stage_name_123,모험 3-3 [보통],
stage_name_124,모험 3-4 [보통],
stage_name_125,모험 3-5 [보통],
stage_name_126,모험 3-6 [보통],
stage_name_127,모험 3-7 [보통],
stage_name_128,모험 3-8 [보통],
stage_name_129,모험 3-9 [보통],
stage_name_130,모험 3-10 [보통],
stage_name_131,모험 4-1 [보통],
stage_name_132,모험 4-2 [보통],
stage_name_133,모험 4-3 [보통],
stage_name_134,모험 4-4 [보통],
stage_name_135,모험 4-5 [보통],
stage_name_136,모험 4-6 [보통],
stage_name_137,모험 4-7 [보통],
stage_name_138,모험 4-8 [보통],
stage_name_139,모험 4-9 [보통],
stage_name_140,모험 4-10 [보통],
stage_name_141,모험 5-1 [보통],
stage_name_142,모험 5-2 [보통],
stage_name_143,모험 5-3 [보통],
stage_name_144,모험 5-4 [보통],
stage_name_145,모험 5-5 [보통],
stage_name_146,모험 5-6 [보통],
stage_name_147,모험 5-7 [보통],
stage_name_148,모험 5-8 [보통],
stage_name_149,모험 5-9 [보통],
stage_name_150,모험 5-10 [보통],
stage_name_151,모험 6-1 [보통],
stage_name_152,모험 6-2 [보통],
stage_name_153,모험 6-3 [보통],
stage_name_154,모험 6-4 [보통],
stage_name_155,모험 6-5 [보통],
stage_name_156,모험 6-6 [보통],
stage_name_157,모험 6-7 [보통],
stage_name_158,모험 6-8 [보통],
stage_name_159,모험 6-9 [보통],
stage_name_160,모험 6-10 [보통],
stage_name_161,모험 7-1 [보통],
stage_name_162,모험 7-2 [보통],
stage_name_163,모험 7-3 [보통],
stage_name_164,모험 7-4 [보통],
stage_name_165,모험 7-5 [보통],
stage_name_166,모험 7-6 [보통],
stage_name_167,모험 7-7 [보통],
stage_name_168,모험 7-8 [보통],
stage_name_169,모험 7-9 [보통],
stage_name_170,모험 7-10 [보통],
stage_name_171,모험 8-1 [보통],
stage_name_172,모험 8-2 [보통],
stage_name_173,모험 8-3 [보통],
stage_name_174,모험 8-4 [보통],
stage_name_175,모험 8-5 [보통],
stage_name_176,모험 8-6 [보통],
stage_name_177,모험 8-7 [보통],
stage_name_178,모험 8-8 [보통],
stage_name_179,모험 8-9 [보통],
stage_name_180,모험 8-10 [보통],
stage_name_181,모험 9-1 [보통],
stage_name_182,모험 9-2 [보통],
stage_name_183,모험 9-3 [보통],
stage_name_184,모험 9-4 [보통],
stage_name_185,모험 9-5 [보통],
stage_name_186,모험 9-6 [보통],
stage_name_187,모험 9-7 [보통],
stage_name_188,모험 9-8 [보통],
stage_name_189,모험 9-9 [보통],
stage_name_190,모험 9-10 [보통],
stage_name_191,모험 10-1 [보통],
stage_name_192,모험 10-2 [보통],
stage_name_193,모험 10-3 [보통],
stage_name_194,모험 10-4 [보통],
stage_name_195,모험 10-5 [보통],
stage_name_196,모험 10-6 [보통],
stage_name_197,모험 10-7 [보통],
stage_name_198,모험 10-8 [보통],
stage_name_199,모험 10-9 [보통],
stage_name_200,모험 10-10 [보통],
stage_name_201,모험 1-1 [어려움],
stage_name_202,모험 1-2 [어려움],
stage_name_203,모험 1-3 [어려움],
stage_name_204,모험 1-4 [어려움],
stage_name_205,모험 1-5 [어려움],
stage_name_206,모험 1-6 [어려움],
stage_name_207,모험 1-7 [어려움],
stage_name_208,모험 1-8 [어려움],
stage_name_209,모험 1-9 [어려움],
stage_name_210,모험 1-10 [어려움],
stage_name_211,모험 2-1 [어려움],
stage_name_212,모험 2-2 [어려움],
stage_name_213,모험 2-3 [어려움],
stage_name_214,모험 2-4 [어려움],
stage_name_215,모험 2-5 [어려움],
stage_name_216,모험 2-6 [어려움],
stage_name_217,모험 2-7 [어려움],
stage_name_218,모험 2-8 [어려움],
stage_name_219,모험 2-9 [어려움],
stage_name_220,모험 2-10 [어려움],
stage_name_221,모험 3-1 [어려움],
stage_name_222,모험 3-2 [어려움],
stage_name_223,모험 3-3 [어려움],
stage_name_224,모험 3-4 [어려움],
stage_name_225,모험 3-5 [어려움],
stage_name_226,모험 3-6 [어려움],
stage_name_227,모험 3-7 [어려움],
stage_name_228,모험 3-8 [어려움],
stage_name_229,모험 3-9 [어려움],
stage_name_230,모험 3-10 [어려움],
stage_name_231,모험 4-1 [어려움],
stage_name_232,모험 4-2 [어려움],
stage_name_233,모험 4-3 [어려움],
stage_name_234,모험 4-4 [어려움],
stage_name_235,모험 4-5 [어려움],
stage_name_236,모험 4-6 [어려움],
stage_name_237,모험 4-7 [어려움],
stage_name_238,모험 4-8 [어려움],
stage_name_239,모험 4-9 [어려움],
stage_name_240,모험 4-10 [어려움],
stage_name_241,모험 5-1 [어려움],
stage_name_242,모험 5-2 [어려움],
stage_name_243,모험 5-3 [어려움],
stage_name_244,모험 5-4 [어려움],
stage_name_245,모험 5-5 [어려움],
stage_name_246,모험 5-6 [어려움],
stage_name_247,모험 5-7 [어려움],
stage_name_248,모험 5-8 [어려움],
stage_name_249,모험 5-9 [어려움],
stage_name_250,모험 5-10 [어려움],
stage_name_251,모험 6-1 [어려움],
stage_name_252,모험 6-2 [어려움],
stage_name_253,모험 6-3 [어려움],
stage_name_254,모험 6-4 [어려움],
stage_name_255,모험 6-5 [어려움],
stage_name_256,모험 6-6 [어려움],
stage_name_257,모험 6-7 [어려움],
stage_name_258,모험 6-8 [어려움],
stage_name_259,모험 6-9 [어려움],
stage_name_260,모험 6-10 [어려움],
stage_name_261,모험 7-1 [어려움],
stage_name_262,모험 7-2 [어려움],
stage_name_263,모험 7-3 [어려움],
stage_name_264,모험 7-4 [어려움],
stage_name_265,모험 7-5 [어려움],
stage_name_266,모험 7-6 [어려움],
stage_name_267,모험 7-7 [어려움],
stage_name_268,모험 7-8 [어려움],
stage_name_269,모험 7-9 [어려움],
stage_name_270,모험 7-10 [어려움],
stage_name_271,모험 8-1 [어려움],
stage_name_272,모험 8-2 [어려움],
stage_name_273,모험 8-3 [어려움],
stage_name_274,모험 8-4 [어려움],
stage_name_275,모험 8-5 [어려움],
stage_name_276,모험 8-6 [어려움],
stage_name_277,모험 8-7 [어려움],
stage_name_278,모험 8-8 [어려움],
stage_name_279,모험 8-9 [어려움],
stage_name_280,모험 8-10 [어려움],
stage_name_281,모험 9-1 [어려움],
stage_name_282,모험 9-2 [어려움],
stage_name_283,모험 9-3 [어려움],
stage_name_284,모험 9-4 [어려움],
stage_name_285,모험 9-5 [어려움],
stage_name_286,모험 9-6 [어려움],
stage_name_287,모험 9-7 [어려움],
stage_name_288,모험 9-8 [어려움],
stage_name_289,모험 9-9 [어려움],
stage_name_290,모험 9-10 [어려움],
stage_name_291,모험 10-1 [어려움],
stage_name_292,모험 10-2 [어려움],
stage_name_293,모험 10-3 [어려움],
stage_name_294,모험 10-4 [어려움],
stage_name_295,모험 10-5 [어려움],
stage_name_296,모험 10-6 [어려움],
stage_name_297,모험 10-7 [어려움],
stage_name_298,모험 10-8 [어려움],
stage_name_299,모험 10-9 [어려움],
stage_name_300,모험 10-10 [어려움],
stage_desc_1,모험 1-1 [쉬움] 스테이지 설명,
stage_desc_2,모험 1-2 [쉬움] 스테이지 설명,
stage_desc_3,모험 1-3 [쉬움] 스테이지 설명,
stage_desc_4,모험 1-4 [쉬움] 스테이지 설명,
stage_desc_5,모험 1-5 [쉬움] 스테이지 설명,
stage_desc_6,모험 1-6 [쉬움] 스테이지 설명,
stage_desc_7,모험 1-7 [쉬움] 스테이지 설명,
stage_desc_8,모험 1-8 [쉬움] 스테이지 설명,
stage_desc_9,모험 1-9 [쉬움] 스테이지 설명,
stage_desc_10,모험 1-10 [쉬움] 스테이지 설명,
stage_desc_11,모험 2-1 [쉬움] 스테이지 설명,
stage_desc_12,모험 2-2 [쉬움] 스테이지 설명,
stage_desc_13,모험 2-3 [쉬움] 스테이지 설명,
stage_desc_14,모험 2-4 [쉬움] 스테이지 설명,
stage_desc_15,모험 2-5 [쉬움] 스테이지 설명,
stage_desc_16,모험 2-6 [쉬움] 스테이지 설명,
stage_desc_17,모험 2-7 [쉬움] 스테이지 설명,
stage_desc_18,모험 2-8 [쉬움] 스테이지 설명,
stage_desc_19,모험 2-9 [쉬움] 스테이지 설명,
stage_desc_20,모험 2-10 [쉬움] 스테이지 설명,
stage_desc_21,모험 3-1 [쉬움] 스테이지 설명,
stage_desc_22,모험 3-2 [쉬움] 스테이지 설명,
stage_desc_23,모험 3-3 [쉬움] 스테이지 설명,
stage_desc_24,모험 3-4 [쉬움] 스테이지 설명,
stage_desc_25,모험 3-5 [쉬움] 스테이지 설명,
stage_desc_26,모험 3-6 [쉬움] 스테이지 설명,
stage_desc_27,모험 3-7 [쉬움] 스테이지 설명,
stage_desc_28,모험 3-8 [쉬움] 스테이지 설명,
stage_desc_29,모험 3-9 [쉬움] 스테이지 설명,
stage_desc_30,모험 3-10 [쉬움] 스테이지 설명,
stage_desc_31,모험 4-1 [쉬움] 스테이지 설명,
stage_desc_32,모험 4-2 [쉬움] 스테이지 설명,
stage_desc_33,모험 4-3 [쉬움] 스테이지 설명,
stage_desc_34,모험 4-4 [쉬움] 스테이지 설명,
stage_desc_35,모험 4-5 [쉬움] 스테이지 설명,
stage_desc_36,모험 4-6 [쉬움] 스테이지 설명,
stage_desc_37,모험 4-7 [쉬움] 스테이지 설명,
stage_desc_38,모험 4-8 [쉬움] 스테이지 설명,
stage_desc_39,모험 4-9 [쉬움] 스테이지 설명,
stage_desc_40,모험 4-10 [쉬움] 스테이지 설명,
stage_desc_41,모험 5-1 [쉬움] 스테이지 설명,
stage_desc_42,모험 5-2 [쉬움] 스테이지 설명,
stage_desc_43,모험 5-3 [쉬움] 스테이지 설명,
stage_desc_44,모험 5-4 [쉬움] 스테이지 설명,
stage_desc_45,모험 5-5 [쉬움] 스테이지 설명,
stage_desc_46,모험 5-6 [쉬움] 스테이지 설명,
stage_desc_47,모험 5-7 [쉬움] 스테이지 설명,
stage_desc_48,모험 5-8 [쉬움] 스테이지 설명,
stage_desc_49,모험 5-9 [쉬움] 스테이지 설명,
stage_desc_50,모험 5-10 [쉬움] 스테이지 설명,
stage_desc_51,모험 6-1 [쉬움] 스테이지 설명,
stage_desc_52,모험 6-2 [쉬움] 스테이지 설명,
stage_desc_53,모험 6-3 [쉬움] 스테이지 설명,
stage_desc_54,모험 6-4 [쉬움] 스테이지 설명,
stage_desc_55,모험 6-5 [쉬움] 스테이지 설명,
stage_desc_56,모험 6-6 [쉬움] 스테이지 설명,
stage_desc_57,모험 6-7 [쉬움] 스테이지 설명,
stage_desc_58,모험 6-8 [쉬움] 스테이지 설명,
stage_desc_59,모험 6-9 [쉬움] 스테이지 설명,
stage_desc_60,모험 6-10 [쉬움] 스테이지 설명,
stage_desc_61,모험 7-1 [쉬움] 스테이지 설명,
stage_desc_62,모험 7-2 [쉬움] 스테이지 설명,
stage_desc_63,모험 7-3 [쉬움] 스테이지 설명,
stage_desc_64,모험 7-4 [쉬움] 스테이지 설명,
stage_desc_65,모험 7-5 [쉬움] 스테이지 설명,
stage_desc_66,모험 7-6 [쉬움] 스테이지 설명,
stage_desc_67,모험 7-7 [쉬움] 스테이지 설명,
stage_desc_68,모험 7-8 [쉬움] 스테이지 설명,
stage_desc_69,모험 7-9 [쉬움] 스테이지 설명,
stage_desc_70,모험 7-10 [쉬움] 스테이지 설명,
stage_desc_71,모험 8-1 [쉬움] 스테이지 설명,
stage_desc_72,모험 8-2 [쉬움] 스테이지 설명,
stage_desc_73,모험 8-3 [쉬움] 스테이지 설명,
stage_desc_74,모험 8-4 [쉬움] 스테이지 설명,
stage_desc_75,모험 8-5 [쉬움] 스테이지 설명,
stage_desc_76,모험 8-6 [쉬움] 스테이지 설명,
stage_desc_77,모험 8-7 [쉬움] 스테이지 설명,
stage_desc_78,모험 8-8 [쉬움] 스테이지 설명,
stage_desc_79,모험 8-9 [쉬움] 스테이지 설명,
stage_desc_80,모험 8-10 [쉬움] 스테이지 설명,
stage_desc_81,모험 9-1 [쉬움] 스테이지 설명,
stage_desc_82,모험 9-2 [쉬움] 스테이지 설명,
stage_desc_83,모험 9-3 [쉬움] 스테이지 설명,
stage_desc_84,모험 9-4 [쉬움] 스테이지 설명,
stage_desc_85,모험 9-5 [쉬움] 스테이지 설명,
stage_desc_86,모험 9-6 [쉬움] 스테이지 설명,
stage_desc_87,모험 9-7 [쉬움] 스테이지 설명,
stage_desc_88,모험 9-8 [쉬움] 스테이지 설명,
stage_desc_89,모험 9-9 [쉬움] 스테이지 설명,
stage_desc_90,모험 9-10 [쉬움] 스테이지 설명,
stage_desc_91,모험 10-1 [쉬움] 스테이지 설명,
stage_desc_92,모험 10-2 [쉬움] 스테이지 설명,
stage_desc_93,모험 10-3 [쉬움] 스테이지 설명,
stage_desc_94,모험 10-4 [쉬움] 스테이지 설명,
stage_desc_95,모험 10-5 [쉬움] 스테이지 설명,
stage_desc_96,모험 10-6 [쉬움] 스테이지 설명,
stage_desc_97,모험 10-7 [쉬움] 스테이지 설명,
stage_desc_98,모험 10-8 [쉬움] 스테이지 설명,
stage_desc_99,모험 10-9 [쉬움] 스테이지 설명,
stage_desc_100,모험 10-10 [쉬움] 스테이지 설명,
stage_desc_101,모험 1-1 [보통] 스테이지 설명,
stage_desc_102,모험 1-2 [보통] 스테이지 설명,
stage_desc_103,모험 1-3 [보통] 스테이지 설명,
stage_desc_104,모험 1-4 [보통] 스테이지 설명,
stage_desc_105,모험 1-5 [보통] 스테이지 설명,
stage_desc_106,모험 1-6 [보통] 스테이지 설명,
stage_desc_107,모험 1-7 [보통] 스테이지 설명,
stage_desc_108,모험 1-8 [보통] 스테이지 설명,
stage_desc_109,모험 1-9 [보통] 스테이지 설명,
stage_desc_110,모험 1-10 [보통] 스테이지 설명,
stage_desc_111,모험 2-1 [보통] 스테이지 설명,
stage_desc_112,모험 2-2 [보통] 스테이지 설명,
stage_desc_113,모험 2-3 [보통] 스테이지 설명,
stage_desc_114,모험 2-4 [보통] 스테이지 설명,
stage_desc_115,모험 2-5 [보통] 스테이지 설명,
stage_desc_116,모험 2-6 [보통] 스테이지 설명,
stage_desc_117,모험 2-7 [보통] 스테이지 설명,
stage_desc_118,모험 2-8 [보통] 스테이지 설명,
stage_desc_119,모험 2-9 [보통] 스테이지 설명,
stage_desc_120,모험 2-10 [보통] 스테이지 설명,
stage_desc_121,모험 3-1 [보통] 스테이지 설명,
stage_desc_122,모험 3-2 [보통] 스테이지 설명,
stage_desc_123,모험 3-3 [보통] 스테이지 설명,
stage_desc_124,모험 3-4 [보통] 스테이지 설명,
stage_desc_125,모험 3-5 [보통] 스테이지 설명,
stage_desc_126,모험 3-6 [보통] 스테이지 설명,
stage_desc_127,모험 3-7 [보통] 스테이지 설명,
stage_desc_128,모험 3-8 [보통] 스테이지 설명,
stage_desc_129,모험 3-9 [보통] 스테이지 설명,
stage_desc_130,모험 3-10 [보통] 스테이지 설명,
stage_desc_131,모험 4-1 [보통] 스테이지 설명,
stage_desc_132,모험 4-2 [보통] 스테이지 설명,
stage_desc_133,모험 4-3 [보통] 스테이지 설명,
stage_desc_134,모험 4-4 [보통] 스테이지 설명,
stage_desc_135,모험 4-5 [보통] 스테이지 설명,
stage_desc_136,모험 4-6 [보통] 스테이지 설명,
stage_desc_137,모험 4-7 [보통] 스테이지 설명,
stage_desc_138,모험 4-8 [보통] 스테이지 설명,
stage_desc_139,모험 4-9 [보통] 스테이지 설명,
stage_desc_140,모험 4-10 [보통] 스테이지 설명,
stage_desc_141,모험 5-1 [보통] 스테이지 설명,
stage_desc_142,모험 5-2 [보통] 스테이지 설명,
stage_desc_143,모험 5-3 [보통] 스테이지 설명,
stage_desc_144,모험 5-4 [보통] 스테이지 설명,
stage_desc_145,모험 5-5 [보통] 스테이지 설명,
stage_desc_146,모험 5-6 [보통] 스테이지 설명,
stage_desc_147,모험 5-7 [보통] 스테이지 설명,
stage_desc_148,모험 5-8 [보통] 스테이지 설명,
stage_desc_149,모험 5-9 [보통] 스테이지 설명,
stage_desc_150,모험 5-10 [보통] 스테이지 설명,
stage_desc_151,모험 6-1 [보통] 스테이지 설명,
stage_desc_152,모험 6-2 [보통] 스테이지 설명,
stage_desc_153,모험 6-3 [보통] 스테이지 설명,
stage_desc_154,모험 6-4 [보통] 스테이지 설명,
stage_desc_155,모험 6-5 [보통] 스테이지 설명,
stage_desc_156,모험 6-6 [보통] 스테이지 설명,
stage_desc_157,모험 6-7 [보통] 스테이지 설명,
stage_desc_158,모험 6-8 [보통] 스테이지 설명,
stage_desc_159,모험 6-9 [보통] 스테이지 설명,
stage_desc_160,모험 6-10 [보통] 스테이지 설명,
stage_desc_161,모험 7-1 [보통] 스테이지 설명,
stage_desc_162,모험 7-2 [보통] 스테이지 설명,
stage_desc_163,모험 7-3 [보통] 스테이지 설명,
stage_desc_164,모험 7-4 [보통] 스테이지 설명,
stage_desc_165,모험 7-5 [보통] 스테이지 설명,
stage_desc_166,모험 7-6 [보통] 스테이지 설명,
stage_desc_167,모험 7-7 [보통] 스테이지 설명,
stage_desc_168,모험 7-8 [보통] 스테이지 설명,
stage_desc_169,모험 7-9 [보통] 스테이지 설명,
stage_desc_170,모험 7-10 [보통] 스테이지 설명,
stage_desc_171,모험 8-1 [보통] 스테이지 설명,
stage_desc_172,모험 8-2 [보통] 스테이지 설명,
stage_desc_173,모험 8-3 [보통] 스테이지 설명,
stage_desc_174,모험 8-4 [보통] 스테이지 설명,
stage_desc_175,모험 8-5 [보통] 스테이지 설명,
stage_desc_176,모험 8-6 [보통] 스테이지 설명,
stage_desc_177,모험 8-7 [보통] 스테이지 설명,
stage_desc_178,모험 8-8 [보통] 스테이지 설명,
stage_desc_179,모험 8-9 [보통] 스테이지 설명,
stage_desc_180,모험 8-10 [보통] 스테이지 설명,
stage_desc_181,모험 9-1 [보통] 스테이지 설명,
stage_desc_182,모험 9-2 [보통] 스테이지 설명,
stage_desc_183,모험 9-3 [보통] 스테이지 설명,
stage_desc_184,모험 9-4 [보통] 스테이지 설명,
stage_desc_185,모험 9-5 [보통] 스테이지 설명,
stage_desc_186,모험 9-6 [보통] 스테이지 설명,
stage_desc_187,모험 9-7 [보통] 스테이지 설명,
stage_desc_188,모험 9-8 [보통] 스테이지 설명,
stage_desc_189,모험 9-9 [보통] 스테이지 설명,
stage_desc_190,모험 9-10 [보통] 스테이지 설명,
stage_desc_191,모험 10-1 [보통] 스테이지 설명,
stage_desc_192,모험 10-2 [보통] 스테이지 설명,
stage_desc_193,모험 10-3 [보통] 스테이지 설명,
stage_desc_194,모험 10-4 [보통] 스테이지 설명,
stage_desc_195,모험 10-5 [보통] 스테이지 설명,
stage_desc_196,모험 10-6 [보통] 스테이지 설명,
stage_desc_197,모험 10-7 [보통] 스테이지 설명,
stage_desc_198,모험 10-8 [보통] 스테이지 설명,
stage_desc_199,모험 10-9 [보통] 스테이지 설명,
stage_desc_200,모험 10-10 [보통] 스테이지 설명,
stage_desc_201,모험 1-1 [어려움] 스테이지 설명,
stage_desc_202,모험 1-2 [어려움] 스테이지 설명,
stage_desc_203,모험 1-3 [어려움] 스테이지 설명,
stage_desc_204,모험 1-4 [어려움] 스테이지 설명,
stage_desc_205,모험 1-5 [어려움] 스테이지 설명,
stage_desc_206,모험 1-6 [어려움] 스테이지 설명,
stage_desc_207,모험 1-7 [어려움] 스테이지 설명,
stage_desc_208,모험 1-8 [어려움] 스테이지 설명,
stage_desc_209,모험 1-9 [어려움] 스테이지 설명,
stage_desc_210,모험 1-10 [어려움] 스테이지 설명,
stage_desc_211,모험 2-1 [어려움] 스테이지 설명,
stage_desc_212,모험 2-2 [어려움] 스테이지 설명,
stage_desc_213,모험 2-3 [어려움] 스테이지 설명,
stage_desc_214,모험 2-4 [어려움] 스테이지 설명,
stage_desc_215,모험 2-5 [어려움] 스테이지 설명,
stage_desc_216,모험 2-6 [어려움] 스테이지 설명,
stage_desc_217,모험 2-7 [어려움] 스테이지 설명,
stage_desc_218,모험 2-8 [어려움] 스테이지 설명,
stage_desc_219,모험 2-9 [어려움] 스테이지 설명,
stage_desc_220,모험 2-10 [어려움] 스테이지 설명,
stage_desc_221,모험 3-1 [어려움] 스테이지 설명,
stage_desc_222,모험 3-2 [어려움] 스테이지 설명,
stage_desc_223,모험 3-3 [어려움] 스테이지 설명,
stage_desc_224,모험 3-4 [어려움] 스테이지 설명,
stage_desc_225,모험 3-5 [어려움] 스테이지 설명,
stage_desc_226,모험 3-6 [어려움] 스테이지 설명,
stage_desc_227,모험 3-7 [어려움] 스테이지 설명,
stage_desc_228,모험 3-8 [어려움] 스테이지 설명,
stage_desc_229,모험 3-9 [어려움] 스테이지 설명,
stage_desc_230,모험 3-10 [어려움] 스테이지 설명,
stage_desc_231,모험 4-1 [어려움] 스테이지 설명,
stage_desc_232,모험 4-2 [어려움] 스테이지 설명,
stage_desc_233,모험 4-3 [어려움] 스테이지 설명,
stage_desc_234,모험 4-4 [어려움] 스테이지 설명,
stage_desc_235,모험 4-5 [어려움] 스테이지 설명,
stage_desc_236,모험 4-6 [어려움] 스테이지 설명,
stage_desc_237,모험 4-7 [어려움] 스테이지 설명,
stage_desc_238,모험 4-8 [어려움] 스테이지 설명,
stage_desc_239,모험 4-9 [어려움] 스테이지 설명,
stage_desc_240,모험 4-10 [어려움] 스테이지 설명,
stage_desc_241,모험 5-1 [어려움] 스테이지 설명,
stage_desc_242,모험 5-2 [어려움] 스테이지 설명,
stage_desc_243,모험 5-3 [어려움] 스테이지 설명,
stage_desc_244,모험 5-4 [어려움] 스테이지 설명,
stage_desc_245,모험 5-5 [어려움] 스테이지 설명,
stage_desc_246,모험 5-6 [어려움] 스테이지 설명,
stage_desc_247,모험 5-7 [어려움] 스테이지 설명,
stage_desc_248,모험 5-8 [어려움] 스테이지 설명,
stage_desc_249,모험 5-9 [어려움] 스테이지 설명,
stage_desc_250,모험 5-10 [어려움] 스테이지 설명,
stage_desc_251,모험 6-1 [어려움] 스테이지 설명,
stage_desc_252,모험 6-2 [어려움] 스테이지 설명,
stage_desc_253,모험 6-3 [어려움] 스테이지 설명,
stage_desc_254,모험 6-4 [어려움] 스테이지 설명,
stage_desc_255,모험 6-5 [어려움] 스테이지 설명,
stage_desc_256,모험 6-6 [어려움] 스테이지 설명,
stage_desc_257,모험 6-7 [어려움] 스테이지 설명,
stage_desc_258,모험 6-8 [어려움] 스테이지 설명,
stage_desc_259,모험 6-9 [어려움] 스테이지 설명,
stage_desc_260,모험 6-10 [어려움] 스테이지 설명,
stage_desc_261,모험 7-1 [어려움] 스테이지 설명,
stage_desc_262,모험 7-2 [어려움] 스테이지 설명,
stage_desc_263,모험 7-3 [어려움] 스테이지 설명,
stage_desc_264,모험 7-4 [어려움] 스테이지 설명,
stage_desc_265,모험 7-5 [어려움] 스테이지 설명,
stage_desc_266,모험 7-6 [어려움] 스테이지 설명,
stage_desc_267,모험 7-7 [어려움] 스테이지 설명,
stage_desc_268,모험 7-8 [어려움] 스테이지 설명,
stage_desc_269,모험 7-9 [어려움] 스테이지 설명,
stage_desc_270,모험 7-10 [어려움] 스테이지 설명,
stage_desc_271,모험 8-1 [어려움] 스테이지 설명,
stage_desc_272,모험 8-2 [어려움] 스테이지 설명,
stage_desc_273,모험 8-3 [어려움] 스테이지 설명,
stage_desc_274,모험 8-4 [어려움] 스테이지 설명,
stage_desc_275,모험 8-5 [어려움] 스테이지 설명,
stage_desc_276,모험 8-6 [어려움] 스테이지 설명,
stage_desc_277,모험 8-7 [어려움] 스테이지 설명,
stage_desc_278,모험 8-8 [어려움] 스테이지 설명,
stage_desc_279,모험 8-9 [어려움] 스테이지 설명,
stage_desc_280,모험 8-10 [어려움] 스테이지 설명,
stage_desc_281,모험 9-1 [어려움] 스테이지 설명,
stage_desc_282,모험 9-2 [어려움] 스테이지 설명,
stage_desc_283,모험 9-3 [어려움] 스테이지 설명,
stage_desc_284,모험 9-4 [어려움] 스테이지 설명,
stage_desc_285,모험 9-5 [어려움] 스테이지 설명,
stage_desc_286,모험 9-6 [어려움] 스테이지 설명,
stage_desc_287,모험 9-7 [어려움] 스테이지 설명,
stage_desc_288,모험 9-8 [어려움] 스테이지 설명,
stage_desc_289,모험 9-9 [어려움] 스테이지 설명,
stage_desc_290,모험 9-10 [어려움] 스테이지 설명,
stage_desc_291,모험 10-1 [어려움] 스테이지 설명,
stage_desc_292,모험 10-2 [어려움] 스테이지 설명,
stage_desc_293,모험 10-3 [어려움] 스테이지 설명,
stage_desc_294,모험 10-4 [어려움] 스테이지 설명,
stage_desc_295,모험 10-5 [어려움] 스테이지 설명,
stage_desc_296,모험 10-6 [어려움] 스테이지 설명,
stage_desc_297,모험 10-7 [어려움] 스테이지 설명,
stage_desc_298,모험 10-8 [어려움] 스테이지 설명,
stage_desc_299,모험 10-9 [어려움] 스테이지 설명,
stage_desc_300,모험 10-10 [어려움] 스테이지 설명,
monster_name_11,모험 1-1 일반 몬스터,
monster_name_12,모험 1-1 보스 몬스터,
monster_name_21,모험 1-2 일반 몬스터,
monster_name_22,모험 1-2 보스 몬스터,
monster_name_31,모험 1-3 일반 몬스터,
monster_name_32,모험 1-3 보스 몬스터,
monster_name_41,모험 1-4 일반 몬스터,
monster_name_42,모험 1-4 보스 몬스터,
monster_name_51,모험 1-5 일반 몬스터,
monster_name_52,모험 1-5 보스 몬스터,
monster_name_61,모험 1-6 일반 몬스터,
monster_name_62,모험 1-6 보스 몬스터,
monster_name_71,모험 1-7 일반 몬스터,
monster_name_72,모험 1-7 보스 몬스터,
monster_name_81,모험 1-8 일반 몬스터,
monster_name_82,모험 1-8 보스 몬스터,
monster_name_91,모험 1-9 일반 몬스터,
monster_name_92,모험 1-9 보스 몬스터,
monster_name_101,모험 1-10 일반 몬스터,
monster_name_102,모험 1-10 보스 몬스터,
monster_name_111,모험 2-1 일반 몬스터,
monster_name_112,모험 2-1 보스 몬스터,
monster_name_121,모험 2-2 일반 몬스터,
monster_name_122,모험 2-2 보스 몬스터,
monster_name_131,모험 2-3 일반 몬스터,
monster_name_132,모험 2-3 보스 몬스터,
monster_name_141,모험 2-4 일반 몬스터,
monster_name_142,모험 2-4 보스 몬스터,
monster_name_151,모험 2-5 일반 몬스터,
monster_name_152,모험 2-5 보스 몬스터,
monster_name_161,모험 2-6 일반 몬스터,
monster_name_162,모험 2-6 보스 몬스터,
monster_name_171,모험 2-7 일반 몬스터,
monster_name_172,모험 2-7 보스 몬스터,
monster_name_181,모험 2-8 일반 몬스터,
monster_name_182,모험 2-8 보스 몬스터,
monster_name_191,모험 2-9 일반 몬스터,
monster_name_192,모험 2-9 보스 몬스터,
monster_name_201,모험 2-10 일반 몬스터,
monster_name_202,모험 2-10 보스 몬스터,
monster_name_211,모험 3-1 일반 몬스터,
monster_name_212,모험 3-1 보스 몬스터,
monster_name_221,모험 3-2 일반 몬스터,
monster_name_222,모험 3-2 보스 몬스터,
monster_name_231,모험 3-3 일반 몬스터,
monster_name_232,모험 3-3 보스 몬스터,
monster_name_241,모험 3-4 일반 몬스터,
monster_name_242,모험 3-4 보스 몬스터,
monster_name_251,모험 3-5 일반 몬스터,
monster_name_252,모험 3-5 보스 몬스터,
monster_name_261,모험 3-6 일반 몬스터,
monster_name_262,모험 3-6 보스 몬스터,
monster_name_271,모험 3-7 일반 몬스터,
monster_name_272,모험 3-7 보스 몬스터,
monster_name_281,모험 3-8 일반 몬스터,
monster_name_282,모험 3-8 보스 몬스터,
monster_name_291,모험 3-9 일반 몬스터,
monster_name_292,모험 3-9 보스 몬스터,
monster_name_301,모험 3-10 일반 몬스터,
monster_name_302,모험 3-10 보스 몬스터,
monster_name_311,모험 4-1 일반 몬스터,
monster_name_312,모험 4-1 보스 몬스터,
monster_name_321,모험 4-2 일반 몬스터,
monster_name_322,모험 4-2 보스 몬스터,
monster_name_331,모험 4-3 일반 몬스터,
monster_name_332,모험 4-3 보스 몬스터,
monster_name_341,모험 4-4 일반 몬스터,
monster_name_342,모험 4-4 보스 몬스터,
monster_name_351,모험 4-5 일반 몬스터,
monster_name_352,모험 4-5 보스 몬스터,
monster_name_361,모험 4-6 일반 몬스터,
monster_name_362,모험 4-6 보스 몬스터,
monster_name_371,모험 4-7 일반 몬스터,
monster_name_372,모험 4-7 보스 몬스터,
monster_name_381,모험 4-8 일반 몬스터,
monster_name_382,모험 4-8 보스 몬스터,
monster_name_391,모험 4-9 일반 몬스터,
monster_name_392,모험 4-9 보스 몬스터,
monster_name_401,모험 4-10 일반 몬스터,
monster_name_402,모험 4-10 보스 몬스터,
monster_name_411,모험 5-1 일반 몬스터,
monster_name_412,모험 5-1 보스 몬스터,
monster_name_421,모험 5-2 일반 몬스터,
monster_name_422,모험 5-2 보스 몬스터,
monster_name_431,모험 5-3 일반 몬스터,
monster_name_432,모험 5-3 보스 몬스터,
monster_name_441,모험 5-4 일반 몬스터,
monster_name_442,모험 5-4 보스 몬스터,
monster_name_451,모험 5-5 일반 몬스터,
monster_name_452,모험 5-5 보스 몬스터,
monster_name_461,모험 5-6 일반 몬스터,
monster_name_462,모험 5-6 보스 몬스터,
monster_name_471,모험 5-7 일반 몬스터,
monster_name_472,모험 5-7 보스 몬스터,
monster_name_481,모험 5-8 일반 몬스터,
monster_name_482,모험 5-8 보스 몬스터,
monster_name_491,모험 5-9 일반 몬스터,
monster_name_492,모험 5-9 보스 몬스터,
monster_name_501,모험 5-10 일반 몬스터,
monster_name_502,모험 5-10 보스 몬스터,
monster_name_511,모험 6-1 일반 몬스터,
monster_name_512,모험 6-1 보스 몬스터,
monster_name_521,모험 6-2 일반 몬스터,
monster_name_522,모험 6-2 보스 몬스터,
monster_name_531,모험 6-3 일반 몬스터,
monster_name_532,모험 6-3 보스 몬스터,
monster_name_541,모험 6-4 일반 몬스터,
monster_name_542,모험 6-4 보스 몬스터,
monster_name_551,모험 6-5 일반 몬스터,
monster_name_552,모험 6-5 보스 몬스터,
monster_name_561,모험 6-6 일반 몬스터,
monster_name_562,모험 6-6 보스 몬스터,
monster_name_571,모험 6-7 일반 몬스터,
monster_name_572,모험 6-7 보스 몬스터,
monster_name_581,모험 6-8 일반 몬스터,
monster_name_582,모험 6-8 보스 몬스터,
monster_name_591,모험 6-9 일반 몬스터,
monster_name_592,모험 6-9 보스 몬스터,
monster_name_601,모험 6-10 일반 몬스터,
monster_name_602,모험 6-10 보스 몬스터,
monster_name_611,모험 7-1 일반 몬스터,
monster_name_612,모험 7-1 보스 몬스터,
monster_name_621,모험 7-2 일반 몬스터,
monster_name_622,모험 7-2 보스 몬스터,
monster_name_631,모험 7-3 일반 몬스터,
monster_name_632,모험 7-3 보스 몬스터,
monster_name_641,모험 7-4 일반 몬스터,
monster_name_642,모험 7-4 보스 몬스터,
monster_name_651,모험 7-5 일반 몬스터,
monster_name_652,모험 7-5 보스 몬스터,
monster_name_661,모험 7-6 일반 몬스터,
monster_name_662,모험 7-6 보스 몬스터,
monster_name_671,모험 7-7 일반 몬스터,
monster_name_672,모험 7-7 보스 몬스터,
monster_name_681,모험 7-8 일반 몬스터,
monster_name_682,모험 7-8 보스 몬스터,
monster_name_691,모험 7-9 일반 몬스터,
monster_name_692,모험 7-9 보스 몬스터,
monster_name_701,모험 7-10 일반 몬스터,
monster_name_702,모험 7-10 보스 몬스터,
monster_name_711,모험 8-1 일반 몬스터,
monster_name_712,모험 8-1 보스 몬스터,
monster_name_721,모험 8-2 일반 몬스터,
monster_name_722,모험 8-2 보스 몬스터,
monster_name_731,모험 8-3 일반 몬스터,
monster_name_732,모험 8-3 보스 몬스터,
monster_name_741,모험 8-4 일반 몬스터,
monster_name_742,모험 8-4 보스 몬스터,
monster_name_751,모험 8-5 일반 몬스터,
monster_name_752,모험 8-5 보스 몬스터,
monster_name_761,모험 8-6 일반 몬스터,
monster_name_762,모험 8-6 보스 몬스터,
monster_name_771,모험 8-7 일반 몬스터,
monster_name_772,모험 8-7 보스 몬스터,
monster_name_781,모험 8-8 일반 몬스터,
monster_name_782,모험 8-8 보스 몬스터,
monster_name_791,모험 8-9 일반 몬스터,
monster_name_792,모험 8-9 보스 몬스터,
monster_name_801,모험 8-10 일반 몬스터,
monster_name_802,모험 8-10 보스 몬스터,
monster_name_811,모험 9-1 일반 몬스터,
monster_name_812,모험 9-1 보스 몬스터,
monster_name_821,모험 9-2 일반 몬스터,
monster_name_822,모험 9-2 보스 몬스터,
monster_name_831,모험 9-3 일반 몬스터,
monster_name_832,모험 9-3 보스 몬스터,
monster_name_841,모험 9-4 일반 몬스터,
monster_name_842,모험 9-4 보스 몬스터,
monster_name_851,모험 9-5 일반 몬스터,
monster_name_852,모험 9-5 보스 몬스터,
monster_name_861,모험 9-6 일반 몬스터,
monster_name_862,모험 9-6 보스 몬스터,
monster_name_871,모험 9-7 일반 몬스터,
monster_name_872,모험 9-7 보스 몬스터,
monster_name_881,모험 9-8 일반 몬스터,
monster_name_882,모험 9-8 보스 몬스터,
monster_name_891,모험 9-9 일반 몬스터,
monster_name_892,모험 9-9 보스 몬스터,
monster_name_901,모험 9-10 일반 몬스터,
monster_name_902,모험 9-10 보스 몬스터,
monster_name_911,모험 10-1 일반 몬스터,
monster_name_912,모험 10-1 보스 몬스터,
monster_name_921,모험 10-2 일반 몬스터,
monster_name_922,모험 10-2 보스 몬스터,
monster_name_931,모험 10-3 일반 몬스터,
monster_name_932,모험 10-3 보스 몬스터,
monster_name_941,모험 10-4 일반 몬스터,
monster_name_942,모험 10-4 보스 몬스터,
monster_name_951,모험 10-5 일반 몬스터,
monster_name_952,모험 10-5 보스 몬스터,
monster_name_961,모험 10-6 일반 몬스터,
monster_name_962,모험 10-6 보스 몬스터,
monster_name_971,모험 10-7 일반 몬스터,
monster_name_972,모험 10-7 보스 몬스터,
monster_name_981,모험 10-8 일반 몬스터,
monster_name_982,모험 10-8 보스 몬스터,
monster_name_991,모험 10-9 일반 몬스터,
monster_name_992,모험 10-9 보스 몬스터,
monster_name_1001,모험 10-10 일반 몬스터,
monster_name_1002,모험 10-10 보스 몬스터,
monster_name_1011,모험 1-1 일반 몬스터,
monster_name_1012,모험 1-1 보스 몬스터,
monster_name_1021,모험 1-2 일반 몬스터,
monster_name_1022,모험 1-2 보스 몬스터,
monster_name_1031,모험 1-3 일반 몬스터,
monster_name_1032,모험 1-3 보스 몬스터,
monster_name_1041,모험 1-4 일반 몬스터,
monster_name_1042,모험 1-4 보스 몬스터,
monster_name_1051,모험 1-5 일반 몬스터,
monster_name_1052,모험 1-5 보스 몬스터,
monster_name_1061,모험 1-6 일반 몬스터,
monster_name_1062,모험 1-6 보스 몬스터,
monster_name_1071,모험 1-7 일반 몬스터,
monster_name_1072,모험 1-7 보스 몬스터,
monster_name_1081,모험 1-8 일반 몬스터,
monster_name_1082,모험 1-8 보스 몬스터,
monster_name_1091,모험 1-9 일반 몬스터,
monster_name_1092,모험 1-9 보스 몬스터,
monster_name_1101,모험 1-10 일반 몬스터,
monster_name_1102,모험 1-10 보스 몬스터,
monster_name_1111,모험 2-1 일반 몬스터,
monster_name_1112,모험 2-1 보스 몬스터,
monster_name_1121,모험 2-2 일반 몬스터,
monster_name_1122,모험 2-2 보스 몬스터,
monster_name_1131,모험 2-3 일반 몬스터,
monster_name_1132,모험 2-3 보스 몬스터,
monster_name_1141,모험 2-4 일반 몬스터,
monster_name_1142,모험 2-4 보스 몬스터,
monster_name_1151,모험 2-5 일반 몬스터,
monster_name_1152,모험 2-5 보스 몬스터,
monster_name_1161,모험 2-6 일반 몬스터,
monster_name_1162,모험 2-6 보스 몬스터,
monster_name_1171,모험 2-7 일반 몬스터,
monster_name_1172,모험 2-7 보스 몬스터,
monster_name_1181,모험 2-8 일반 몬스터,
monster_name_1182,모험 2-8 보스 몬스터,
monster_name_1191,모험 2-9 일반 몬스터,
monster_name_1192,모험 2-9 보스 몬스터,
monster_name_1201,모험 2-10 일반 몬스터,
monster_name_1202,모험 2-10 보스 몬스터,
monster_name_1211,모험 3-1 일반 몬스터,
monster_name_1212,모험 3-1 보스 몬스터,
monster_name_1221,모험 3-2 일반 몬스터,
monster_name_1222,모험 3-2 보스 몬스터,
monster_name_1231,모험 3-3 일반 몬스터,
monster_name_1232,모험 3-3 보스 몬스터,
monster_name_1241,모험 3-4 일반 몬스터,
monster_name_1242,모험 3-4 보스 몬스터,
monster_name_1251,모험 3-5 일반 몬스터,
monster_name_1252,모험 3-5 보스 몬스터,
monster_name_1261,모험 3-6 일반 몬스터,
monster_name_1262,모험 3-6 보스 몬스터,
monster_name_1271,모험 3-7 일반 몬스터,
monster_name_1272,모험 3-7 보스 몬스터,
monster_name_1281,모험 3-8 일반 몬스터,
monster_name_1282,모험 3-8 보스 몬스터,
monster_name_1291,모험 3-9 일반 몬스터,
monster_name_1292,모험 3-9 보스 몬스터,
monster_name_1301,모험 3-10 일반 몬스터,
monster_name_1302,모험 3-10 보스 몬스터,
monster_name_1311,모험 4-1 일반 몬스터,
monster_name_1312,모험 4-1 보스 몬스터,
monster_name_1321,모험 4-2 일반 몬스터,
monster_name_1322,모험 4-2 보스 몬스터,
monster_name_1331,모험 4-3 일반 몬스터,
monster_name_1332,모험 4-3 보스 몬스터,
monster_name_1341,모험 4-4 일반 몬스터,
monster_name_1342,모험 4-4 보스 몬스터,
monster_name_1351,모험 4-5 일반 몬스터,
monster_name_1352,모험 4-5 보스 몬스터,
monster_name_1361,모험 4-6 일반 몬스터,
monster_name_1362,모험 4-6 보스 몬스터,
monster_name_1371,모험 4-7 일반 몬스터,
monster_name_1372,모험 4-7 보스 몬스터,
monster_name_1381,모험 4-8 일반 몬스터,
monster_name_1382,모험 4-8 보스 몬스터,
monster_name_1391,모험 4-9 일반 몬스터,
monster_name_1392,모험 4-9 보스 몬스터,
monster_name_1401,모험 4-10 일반 몬스터,
monster_name_1402,모험 4-10 보스 몬스터,
monster_name_1411,모험 5-1 일반 몬스터,
monster_name_1412,모험 5-1 보스 몬스터,
monster_name_1421,모험 5-2 일반 몬스터,
monster_name_1422,모험 5-2 보스 몬스터,
monster_name_1431,모험 5-3 일반 몬스터,
monster_name_1432,모험 5-3 보스 몬스터,
monster_name_1441,모험 5-4 일반 몬스터,
monster_name_1442,모험 5-4 보스 몬스터,
monster_name_1451,모험 5-5 일반 몬스터,
monster_name_1452,모험 5-5 보스 몬스터,
monster_name_1461,모험 5-6 일반 몬스터,
monster_name_1462,모험 5-6 보스 몬스터,
monster_name_1471,모험 5-7 일반 몬스터,
monster_name_1472,모험 5-7 보스 몬스터,
monster_name_1481,모험 5-8 일반 몬스터,
monster_name_1482,모험 5-8 보스 몬스터,
monster_name_1491,모험 5-9 일반 몬스터,
monster_name_1492,모험 5-9 보스 몬스터,
monster_name_1501,모험 5-10 일반 몬스터,
monster_name_1502,모험 5-10 보스 몬스터,
monster_name_1511,모험 6-1 일반 몬스터,
monster_name_1512,모험 6-1 보스 몬스터,
monster_name_1521,모험 6-2 일반 몬스터,
monster_name_1522,모험 6-2 보스 몬스터,
monster_name_1531,모험 6-3 일반 몬스터,
monster_name_1532,모험 6-3 보스 몬스터,
monster_name_1541,모험 6-4 일반 몬스터,
monster_name_1542,모험 6-4 보스 몬스터,
monster_name_1551,모험 6-5 일반 몬스터,
monster_name_1552,모험 6-5 보스 몬스터,
monster_name_1561,모험 6-6 일반 몬스터,
monster_name_1562,모험 6-6 보스 몬스터,
monster_name_1571,모험 6-7 일반 몬스터,
monster_name_1572,모험 6-7 보스 몬스터,
monster_name_1581,모험 6-8 일반 몬스터,
monster_name_1582,모험 6-8 보스 몬스터,
monster_name_1591,모험 6-9 일반 몬스터,
monster_name_1592,모험 6-9 보스 몬스터,
monster_name_1601,모험 6-10 일반 몬스터,
monster_name_1602,모험 6-10 보스 몬스터,
monster_name_1611,모험 7-1 일반 몬스터,
monster_name_1612,모험 7-1 보스 몬스터,
monster_name_1621,모험 7-2 일반 몬스터,
monster_name_1622,모험 7-2 보스 몬스터,
monster_name_1631,모험 7-3 일반 몬스터,
monster_name_1632,모험 7-3 보스 몬스터,
monster_name_1641,모험 7-4 일반 몬스터,
monster_name_1642,모험 7-4 보스 몬스터,
monster_name_1651,모험 7-5 일반 몬스터,
monster_name_1652,모험 7-5 보스 몬스터,
monster_name_1661,모험 7-6 일반 몬스터,
monster_name_1662,모험 7-6 보스 몬스터,
monster_name_1671,모험 7-7 일반 몬스터,
monster_name_1672,모험 7-7 보스 몬스터,
monster_name_1681,모험 7-8 일반 몬스터,
monster_name_1682,모험 7-8 보스 몬스터,
monster_name_1691,모험 7-9 일반 몬스터,
monster_name_1692,모험 7-9 보스 몬스터,
monster_name_1701,모험 7-10 일반 몬스터,
monster_name_1702,모험 7-10 보스 몬스터,
monster_name_1711,모험 8-1 일반 몬스터,
monster_name_1712,모험 8-1 보스 몬스터,
monster_name_1721,모험 8-2 일반 몬스터,
monster_name_1722,모험 8-2 보스 몬스터,
monster_name_1731,모험 8-3 일반 몬스터,
monster_name_1732,모험 8-3 보스 몬스터,
monster_name_1741,모험 8-4 일반 몬스터,
monster_name_1742,모험 8-4 보스 몬스터,
monster_name_1751,모험 8-5 일반 몬스터,
monster_name_1752,모험 8-5 보스 몬스터,
monster_name_1761,모험 8-6 일반 몬스터,
monster_name_1762,모험 8-6 보스 몬스터,
monster_name_1771,모험 8-7 일반 몬스터,
monster_name_1772,모험 8-7 보스 몬스터,
monster_name_1781,모험 8-8 일반 몬스터,
monster_name_1782,모험 8-8 보스 몬스터,
monster_name_1791,모험 8-9 일반 몬스터,
monster_name_1792,모험 8-9 보스 몬스터,
monster_name_1801,모험 8-10 일반 몬스터,
monster_name_1802,모험 8-10 보스 몬스터,
monster_name_1811,모험 9-1 일반 몬스터,
monster_name_1812,모험 9-1 보스 몬스터,
monster_name_1821,모험 9-2 일반 몬스터,
monster_name_1822,모험 9-2 보스 몬스터,
monster_name_1831,모험 9-3 일반 몬스터,
monster_name_1832,모험 9-3 보스 몬스터,
monster_name_1841,모험 9-4 일반 몬스터,
monster_name_1842,모험 9-4 보스 몬스터,
monster_name_1851,모험 9-5 일반 몬스터,
monster_name_1852,모험 9-5 보스 몬스터,
monster_name_1861,모험 9-6 일반 몬스터,
monster_name_1862,모험 9-6 보스 몬스터,
monster_name_1871,모험 9-7 일반 몬스터,
monster_name_1872,모험 9-7 보스 몬스터,
monster_name_1881,모험 9-8 일반 몬스터,
monster_name_1882,모험 9-8 보스 몬스터,
monster_name_1891,모험 9-9 일반 몬스터,
monster_name_1892,모험 9-9 보스 몬스터,
monster_name_1901,모험 9-10 일반 몬스터,
monster_name_1902,모험 9-10 보스 몬스터,
monster_name_1911,모험 10-1 일반 몬스터,
monster_name_1912,모험 10-1 보스 몬스터,
monster_name_1921,모험 10-2 일반 몬스터,
monster_name_1922,모험 10-2 보스 몬스터,
monster_name_1931,모험 10-3 일반 몬스터,
monster_name_1932,모험 10-3 보스 몬스터,
monster_name_1941,모험 10-4 일반 몬스터,
monster_name_1942,모험 10-4 보스 몬스터,
monster_name_1951,모험 10-5 일반 몬스터,
monster_name_1952,모험 10-5 보스 몬스터,
monster_name_1961,모험 10-6 일반 몬스터,
monster_name_1962,모험 10-6 보스 몬스터,
monster_name_1971,모험 10-7 일반 몬스터,
monster_name_1972,모험 10-7 보스 몬스터,
monster_name_1981,모험 10-8 일반 몬스터,
monster_name_1982,모험 10-8 보스 몬스터,
monster_name_1991,모험 10-9 일반 몬스터,
monster_name_1992,모험 10-9 보스 몬스터,
monster_name_2001,모험 10-10 일반 몬스터,
monster_name_2002,모험 10-10 보스 몬스터,
monster_name_2011,모험 1-1 일반 몬스터,
monster_name_2012,모험 1-1 보스 몬스터,
monster_name_2021,모험 1-2 일반 몬스터,
monster_name_2022,모험 1-2 보스 몬스터,
monster_name_2031,모험 1-3 일반 몬스터,
monster_name_2032,모험 1-3 보스 몬스터,
monster_name_2041,모험 1-4 일반 몬스터,
monster_name_2042,모험 1-4 보스 몬스터,
monster_name_2051,모험 1-5 일반 몬스터,
monster_name_2052,모험 1-5 보스 몬스터,
monster_name_2061,모험 1-6 일반 몬스터,
monster_name_2062,모험 1-6 보스 몬스터,
monster_name_2071,모험 1-7 일반 몬스터,
monster_name_2072,모험 1-7 보스 몬스터,
monster_name_2081,모험 1-8 일반 몬스터,
monster_name_2082,모험 1-8 보스 몬스터,
monster_name_2091,모험 1-9 일반 몬스터,
monster_name_2092,모험 1-9 보스 몬스터,
monster_name_2101,모험 1-10 일반 몬스터,
monster_name_2102,모험 1-10 보스 몬스터,
monster_name_2111,모험 2-1 일반 몬스터,
monster_name_2112,모험 2-1 보스 몬스터,
monster_name_2121,모험 2-2 일반 몬스터,
monster_name_2122,모험 2-2 보스 몬스터,
monster_name_2131,모험 2-3 일반 몬스터,
monster_name_2132,모험 2-3 보스 몬스터,
monster_name_2141,모험 2-4 일반 몬스터,
monster_name_2142,모험 2-4 보스 몬스터,
monster_name_2151,모험 2-5 일반 몬스터,
monster_name_2152,모험 2-5 보스 몬스터,
monster_name_2161,모험 2-6 일반 몬스터,
monster_name_2162,모험 2-6 보스 몬스터,
monster_name_2171,모험 2-7 일반 몬스터,
monster_name_2172,모험 2-7 보스 몬스터,
monster_name_2181,모험 2-8 일반 몬스터,
monster_name_2182,모험 2-8 보스 몬스터,
monster_name_2191,모험 2-9 일반 몬스터,
monster_name_2192,모험 2-9 보스 몬스터,
monster_name_2201,모험 2-10 일반 몬스터,
monster_name_2202,모험 2-10 보스 몬스터,
monster_name_2211,모험 3-1 일반 몬스터,
monster_name_2212,모험 3-1 보스 몬스터,
monster_name_2221,모험 3-2 일반 몬스터,
monster_name_2222,모험 3-2 보스 몬스터,
monster_name_2231,모험 3-3 일반 몬스터,
monster_name_2232,모험 3-3 보스 몬스터,
monster_name_2241,모험 3-4 일반 몬스터,
monster_name_2242,모험 3-4 보스 몬스터,
monster_name_2251,모험 3-5 일반 몬스터,
monster_name_2252,모험 3-5 보스 몬스터,
monster_name_2261,모험 3-6 일반 몬스터,
monster_name_2262,모험 3-6 보스 몬스터,
monster_name_2271,모험 3-7 일반 몬스터,
monster_name_2272,모험 3-7 보스 몬스터,
monster_name_2281,모험 3-8 일반 몬스터,
monster_name_2282,모험 3-8 보스 몬스터,
monster_name_2291,모험 3-9 일반 몬스터,
monster_name_2292,모험 3-9 보스 몬스터,
monster_name_2301,모험 3-10 일반 몬스터,
monster_name_2302,모험 3-10 보스 몬스터,
monster_name_2311,모험 4-1 일반 몬스터,
monster_name_2312,모험 4-1 보스 몬스터,
monster_name_2321,모험 4-2 일반 몬스터,
monster_name_2322,모험 4-2 보스 몬스터,
monster_name_2331,모험 4-3 일반 몬스터,
monster_name_2332,모험 4-3 보스 몬스터,
monster_name_2341,모험 4-4 일반 몬스터,
monster_name_2342,모험 4-4 보스 몬스터,
monster_name_2351,모험 4-5 일반 몬스터,
monster_name_2352,모험 4-5 보스 몬스터,
monster_name_2361,모험 4-6 일반 몬스터,
monster_name_2362,모험 4-6 보스 몬스터,
monster_name_2371,모험 4-7 일반 몬스터,
monster_name_2372,모험 4-7 보스 몬스터,
monster_name_2381,모험 4-8 일반 몬스터,
monster_name_2382,모험 4-8 보스 몬스터,
monster_name_2391,모험 4-9 일반 몬스터,
monster_name_2392,모험 4-9 보스 몬스터,
monster_name_2401,모험 4-10 일반 몬스터,
monster_name_2402,모험 4-10 보스 몬스터,
monster_name_2411,모험 5-1 일반 몬스터,
monster_name_2412,모험 5-1 보스 몬스터,
monster_name_2421,모험 5-2 일반 몬스터,
monster_name_2422,모험 5-2 보스 몬스터,
monster_name_2431,모험 5-3 일반 몬스터,
monster_name_2432,모험 5-3 보스 몬스터,
monster_name_2441,모험 5-4 일반 몬스터,
monster_name_2442,모험 5-4 보스 몬스터,
monster_name_2451,모험 5-5 일반 몬스터,
monster_name_2452,모험 5-5 보스 몬스터,
monster_name_2461,모험 5-6 일반 몬스터,
monster_name_2462,모험 5-6 보스 몬스터,
monster_name_2471,모험 5-7 일반 몬스터,
monster_name_2472,모험 5-7 보스 몬스터,
monster_name_2481,모험 5-8 일반 몬스터,
monster_name_2482,모험 5-8 보스 몬스터,
monster_name_2491,모험 5-9 일반 몬스터,
monster_name_2492,모험 5-9 보스 몬스터,
monster_name_2501,모험 5-10 일반 몬스터,
monster_name_2502,모험 5-10 보스 몬스터,
monster_name_2511,모험 6-1 일반 몬스터,
monster_name_2512,모험 6-1 보스 몬스터,
monster_name_2521,모험 6-2 일반 몬스터,
monster_name_2522,모험 6-2 보스 몬스터,
monster_name_2531,모험 6-3 일반 몬스터,
monster_name_2532,모험 6-3 보스 몬스터,
monster_name_2541,모험 6-4 일반 몬스터,
monster_name_2542,모험 6-4 보스 몬스터,
monster_name_2551,모험 6-5 일반 몬스터,
monster_name_2552,모험 6-5 보스 몬스터,
monster_name_2561,모험 6-6 일반 몬스터,
monster_name_2562,모험 6-6 보스 몬스터,
monster_name_2571,모험 6-7 일반 몬스터,
monster_name_2572,모험 6-7 보스 몬스터,
monster_name_2581,모험 6-8 일반 몬스터,
monster_name_2582,모험 6-8 보스 몬스터,
monster_name_2591,모험 6-9 일반 몬스터,
monster_name_2592,모험 6-9 보스 몬스터,
monster_name_2601,모험 6-10 일반 몬스터,
monster_name_2602,모험 6-10 보스 몬스터,
monster_name_2611,모험 7-1 일반 몬스터,
monster_name_2612,모험 7-1 보스 몬스터,
monster_name_2621,모험 7-2 일반 몬스터,
monster_name_2622,모험 7-2 보스 몬스터,
monster_name_2631,모험 7-3 일반 몬스터,
monster_name_2632,모험 7-3 보스 몬스터,
monster_name_2641,모험 7-4 일반 몬스터,
monster_name_2642,모험 7-4 보스 몬스터,
monster_name_2651,모험 7-5 일반 몬스터,
monster_name_2652,모험 7-5 보스 몬스터,
monster_name_2661,모험 7-6 일반 몬스터,
monster_name_2662,모험 7-6 보스 몬스터,
monster_name_2671,모험 7-7 일반 몬스터,
monster_name_2672,모험 7-7 보스 몬스터,
monster_name_2681,모험 7-8 일반 몬스터,
monster_name_2682,모험 7-8 보스 몬스터,
monster_name_2691,모험 7-9 일반 몬스터,
monster_name_2692,모험 7-9 보스 몬스터,
monster_name_2701,모험 7-10 일반 몬스터,
monster_name_2702,모험 7-10 보스 몬스터,
monster_name_2711,모험 8-1 일반 몬스터,
monster_name_2712,모험 8-1 보스 몬스터,
monster_name_2721,모험 8-2 일반 몬스터,
monster_name_2722,모험 8-2 보스 몬스터,
monster_name_2731,모험 8-3 일반 몬스터,
monster_name_2732,모험 8-3 보스 몬스터,
monster_name_2741,모험 8-4 일반 몬스터,
monster_name_2742,모험 8-4 보스 몬스터,
monster_name_2751,모험 8-5 일반 몬스터,
monster_name_2752,모험 8-5 보스 몬스터,
monster_name_2761,모험 8-6 일반 몬스터,
monster_name_2762,모험 8-6 보스 몬스터,
monster_name_2771,모험 8-7 일반 몬스터,
monster_name_2772,모험 8-7 보스 몬스터,
monster_name_2781,모험 8-8 일반 몬스터,
monster_name_2782,모험 8-8 보스 몬스터,
monster_name_2791,모험 8-9 일반 몬스터,
monster_name_2792,모험 8-9 보스 몬스터,
monster_name_2801,모험 8-10 일반 몬스터,
monster_name_2802,모험 8-10 보스 몬스터,
monster_name_2811,모험 9-1 일반 몬스터,
monster_name_2812,모험 9-1 보스 몬스터,
monster_name_2821,모험 9-2 일반 몬스터,
monster_name_2822,모험 9-2 보스 몬스터,
monster_name_2831,모험 9-3 일반 몬스터,
monster_name_2832,모험 9-3 보스 몬스터,
monster_name_2841,모험 9-4 일반 몬스터,
monster_name_2842,모험 9-4 보스 몬스터,
monster_name_2851,모험 9-5 일반 몬스터,
monster_name_2852,모험 9-5 보스 몬스터,
monster_name_2861,모험 9-6 일반 몬스터,
monster_name_2862,모험 9-6 보스 몬스터,
monster_name_2871,모험 9-7 일반 몬스터,
monster_name_2872,모험 9-7 보스 몬스터,
monster_name_2881,모험 9-8 일반 몬스터,
monster_name_2882,모험 9-8 보스 몬스터,
monster_name_2891,모험 9-9 일반 몬스터,
monster_name_2892,모험 9-9 보스 몬스터,
monster_name_2901,모험 9-10 일반 몬스터,
monster_name_2902,모험 9-10 보스 몬스터,
monster_name_2911,모험 10-1 일반 몬스터,
monster_name_2912,모험 10-1 보스 몬스터,
monster_name_2921,모험 10-2 일반 몬스터,
monster_name_2922,모험 10-2 보스 몬스터,
monster_name_2931,모험 10-3 일반 몬스터,
monster_name_2932,모험 10-3 보스 몬스터,
monster_name_2941,모험 10-4 일반 몬스터,
monster_name_2942,모험 10-4 보스 몬스터,
monster_name_2951,모험 10-5 일반 몬스터,
monster_name_2952,모험 10-5 보스 몬스터,
monster_name_2961,모험 10-6 일반 몬스터,
monster_name_2962,모험 10-6 보스 몬스터,
monster_name_2971,모험 10-7 일반 몬스터,
monster_name_2972,모험 10-7 보스 몬스터,
monster_name_2981,모험 10-8 일반 몬스터,
monster_name_2982,모험 10-8 보스 몬스터,
monster_name_2991,모험 10-9 일반 몬스터,
monster_name_2992,모험 10-9 보스 몬스터,
monster_name_3001,모험 10-10 일반 몬스터,
monster_name_3002,모험 10-10 보스 몬스터,
monster_desc_11,모험 1-1 일반 몬스터 설명,
monster_desc_12,모험 1-1 보스 몬스터 설명,
monster_desc_21,모험 1-2 일반 몬스터 설명,
monster_desc_22,모험 1-2 보스 몬스터 설명,
monster_desc_31,모험 1-3 일반 몬스터 설명,
monster_desc_32,모험 1-3 보스 몬스터 설명,
monster_desc_41,모험 1-4 일반 몬스터 설명,
monster_desc_42,모험 1-4 보스 몬스터 설명,
monster_desc_51,모험 1-5 일반 몬스터 설명,
monster_desc_52,모험 1-5 보스 몬스터 설명,
monster_desc_61,모험 1-6 일반 몬스터 설명,
monster_desc_62,모험 1-6 보스 몬스터 설명,
monster_desc_71,모험 1-7 일반 몬스터 설명,
monster_desc_72,모험 1-7 보스 몬스터 설명,
monster_desc_81,모험 1-8 일반 몬스터 설명,
monster_desc_82,모험 1-8 보스 몬스터 설명,
monster_desc_91,모험 1-9 일반 몬스터 설명,
monster_desc_92,모험 1-9 보스 몬스터 설명,
monster_desc_101,모험 1-10 일반 몬스터 설명,
monster_desc_102,모험 1-10 보스 몬스터 설명,
monster_desc_111,모험 2-1 일반 몬스터 설명,
monster_desc_112,모험 2-1 보스 몬스터 설명,
monster_desc_121,모험 2-2 일반 몬스터 설명,
monster_desc_122,모험 2-2 보스 몬스터 설명,
monster_desc_131,모험 2-3 일반 몬스터 설명,
monster_desc_132,모험 2-3 보스 몬스터 설명,
monster_desc_141,모험 2-4 일반 몬스터 설명,
monster_desc_142,모험 2-4 보스 몬스터 설명,
monster_desc_151,모험 2-5 일반 몬스터 설명,
monster_desc_152,모험 2-5 보스 몬스터 설명,
monster_desc_161,모험 2-6 일반 몬스터 설명,
monster_desc_162,모험 2-6 보스 몬스터 설명,
monster_desc_171,모험 2-7 일반 몬스터 설명,
monster_desc_172,모험 2-7 보스 몬스터 설명,
monster_desc_181,모험 2-8 일반 몬스터 설명,
monster_desc_182,모험 2-8 보스 몬스터 설명,
monster_desc_191,모험 2-9 일반 몬스터 설명,
monster_desc_192,모험 2-9 보스 몬스터 설명,
monster_desc_201,모험 2-10 일반 몬스터 설명,
monster_desc_202,모험 2-10 보스 몬스터 설명,
monster_desc_211,모험 3-1 일반 몬스터 설명,
monster_desc_212,모험 3-1 보스 몬스터 설명,
monster_desc_221,모험 3-2 일반 몬스터 설명,
monster_desc_222,모험 3-2 보스 몬스터 설명,
monster_desc_231,모험 3-3 일반 몬스터 설명,
monster_desc_232,모험 3-3 보스 몬스터 설명,
monster_desc_241,모험 3-4 일반 몬스터 설명,
monster_desc_242,모험 3-4 보스 몬스터 설명,
monster_desc_251,모험 3-5 일반 몬스터 설명,
monster_desc_252,모험 3-5 보스 몬스터 설명,
monster_desc_261,모험 3-6 일반 몬스터 설명,
monster_desc_262,모험 3-6 보스 몬스터 설명,
monster_desc_271,모험 3-7 일반 몬스터 설명,
monster_desc_272,모험 3-7 보스 몬스터 설명,
monster_desc_281,모험 3-8 일반 몬스터 설명,
monster_desc_282,모험 3-8 보스 몬스터 설명,
monster_desc_291,모험 3-9 일반 몬스터 설명,
monster_desc_292,모험 3-9 보스 몬스터 설명,
monster_desc_301,모험 3-10 일반 몬스터 설명,
monster_desc_302,모험 3-10 보스 몬스터 설명,
monster_desc_311,모험 4-1 일반 몬스터 설명,
monster_desc_312,모험 4-1 보스 몬스터 설명,
monster_desc_321,모험 4-2 일반 몬스터 설명,
monster_desc_322,모험 4-2 보스 몬스터 설명,
monster_desc_331,모험 4-3 일반 몬스터 설명,
monster_desc_332,모험 4-3 보스 몬스터 설명,
monster_desc_341,모험 4-4 일반 몬스터 설명,
monster_desc_342,모험 4-4 보스 몬스터 설명,
monster_desc_351,모험 4-5 일반 몬스터 설명,
monster_desc_352,모험 4-5 보스 몬스터 설명,
monster_desc_361,모험 4-6 일반 몬스터 설명,
monster_desc_362,모험 4-6 보스 몬스터 설명,
monster_desc_371,모험 4-7 일반 몬스터 설명,
monster_desc_372,모험 4-7 보스 몬스터 설명,
monster_desc_381,모험 4-8 일반 몬스터 설명,
monster_desc_382,모험 4-8 보스 몬스터 설명,
monster_desc_391,모험 4-9 일반 몬스터 설명,
monster_desc_392,모험 4-9 보스 몬스터 설명,
monster_desc_401,모험 4-10 일반 몬스터 설명,
monster_desc_402,모험 4-10 보스 몬스터 설명,
monster_desc_411,모험 5-1 일반 몬스터 설명,
monster_desc_412,모험 5-1 보스 몬스터 설명,
monster_desc_421,모험 5-2 일반 몬스터 설명,
monster_desc_422,모험 5-2 보스 몬스터 설명,
monster_desc_431,모험 5-3 일반 몬스터 설명,
monster_desc_432,모험 5-3 보스 몬스터 설명,
monster_desc_441,모험 5-4 일반 몬스터 설명,
monster_desc_442,모험 5-4 보스 몬스터 설명,
monster_desc_451,모험 5-5 일반 몬스터 설명,
monster_desc_452,모험 5-5 보스 몬스터 설명,
monster_desc_461,모험 5-6 일반 몬스터 설명,
monster_desc_462,모험 5-6 보스 몬스터 설명,
monster_desc_471,모험 5-7 일반 몬스터 설명,
monster_desc_472,모험 5-7 보스 몬스터 설명,
monster_desc_481,모험 5-8 일반 몬스터 설명,
monster_desc_482,모험 5-8 보스 몬스터 설명,
monster_desc_491,모험 5-9 일반 몬스터 설명,
monster_desc_492,모험 5-9 보스 몬스터 설명,
monster_desc_501,모험 5-10 일반 몬스터 설명,
monster_desc_502,모험 5-10 보스 몬스터 설명,
monster_desc_511,모험 6-1 일반 몬스터 설명,
monster_desc_512,모험 6-1 보스 몬스터 설명,
monster_desc_521,모험 6-2 일반 몬스터 설명,
monster_desc_522,모험 6-2 보스 몬스터 설명,
monster_desc_531,모험 6-3 일반 몬스터 설명,
monster_desc_532,모험 6-3 보스 몬스터 설명,
monster_desc_541,모험 6-4 일반 몬스터 설명,
monster_desc_542,모험 6-4 보스 몬스터 설명,
monster_desc_551,모험 6-5 일반 몬스터 설명,
monster_desc_552,모험 6-5 보스 몬스터 설명,
monster_desc_561,모험 6-6 일반 몬스터 설명,
monster_desc_562,모험 6-6 보스 몬스터 설명,
monster_desc_571,모험 6-7 일반 몬스터 설명,
monster_desc_572,모험 6-7 보스 몬스터 설명,
monster_desc_581,모험 6-8 일반 몬스터 설명,
monster_desc_582,모험 6-8 보스 몬스터 설명,
monster_desc_591,모험 6-9 일반 몬스터 설명,
monster_desc_592,모험 6-9 보스 몬스터 설명,
monster_desc_601,모험 6-10 일반 몬스터 설명,
monster_desc_602,모험 6-10 보스 몬스터 설명,
monster_desc_611,모험 7-1 일반 몬스터 설명,
monster_desc_612,모험 7-1 보스 몬스터 설명,
monster_desc_621,모험 7-2 일반 몬스터 설명,
monster_desc_622,모험 7-2 보스 몬스터 설명,
monster_desc_631,모험 7-3 일반 몬스터 설명,
monster_desc_632,모험 7-3 보스 몬스터 설명,
monster_desc_641,모험 7-4 일반 몬스터 설명,
monster_desc_642,모험 7-4 보스 몬스터 설명,
monster_desc_651,모험 7-5 일반 몬스터 설명,
monster_desc_652,모험 7-5 보스 몬스터 설명,
monster_desc_661,모험 7-6 일반 몬스터 설명,
monster_desc_662,모험 7-6 보스 몬스터 설명,
monster_desc_671,모험 7-7 일반 몬스터 설명,
monster_desc_672,모험 7-7 보스 몬스터 설명,
monster_desc_681,모험 7-8 일반 몬스터 설명,
monster_desc_682,모험 7-8 보스 몬스터 설명,
monster_desc_691,모험 7-9 일반 몬스터 설명,
monster_desc_692,모험 7-9 보스 몬스터 설명,
monster_desc_701,모험 7-10 일반 몬스터 설명,
monster_desc_702,모험 7-10 보스 몬스터 설명,
monster_desc_711,모험 8-1 일반 몬스터 설명,
monster_desc_712,모험 8-1 보스 몬스터 설명,
monster_desc_721,모험 8-2 일반 몬스터 설명,
monster_desc_722,모험 8-2 보스 몬스터 설명,
monster_desc_731,모험 8-3 일반 몬스터 설명,
monster_desc_732,모험 8-3 보스 몬스터 설명,
monster_desc_741,모험 8-4 일반 몬스터 설명,
monster_desc_742,모험 8-4 보스 몬스터 설명,
monster_desc_751,모험 8-5 일반 몬스터 설명,
monster_desc_752,모험 8-5 보스 몬스터 설명,
monster_desc_761,모험 8-6 일반 몬스터 설명,
monster_desc_762,모험 8-6 보스 몬스터 설명,
monster_desc_771,모험 8-7 일반 몬스터 설명,
monster_desc_772,모험 8-7 보스 몬스터 설명,
monster_desc_781,모험 8-8 일반 몬스터 설명,
monster_desc_782,모험 8-8 보스 몬스터 설명,
monster_desc_791,모험 8-9 일반 몬스터 설명,
monster_desc_792,모험 8-9 보스 몬스터 설명,
monster_desc_801,모험 8-10 일반 몬스터 설명,
monster_desc_802,모험 8-10 보스 몬스터 설명,
monster_desc_811,모험 9-1 일반 몬스터 설명,
monster_desc_812,모험 9-1 보스 몬스터 설명,
monster_desc_821,모험 9-2 일반 몬스터 설명,
monster_desc_822,모험 9-2 보스 몬스터 설명,
monster_desc_831,모험 9-3 일반 몬스터 설명,
monster_desc_832,모험 9-3 보스 몬스터 설명,
monster_desc_841,모험 9-4 일반 몬스터 설명,
monster_desc_842,모험 9-4 보스 몬스터 설명,
monster_desc_851,모험 9-5 일반 몬스터 설명,
monster_desc_852,모험 9-5 보스 몬스터 설명,
monster_desc_861,모험 9-6 일반 몬스터 설명,
monster_desc_862,모험 9-6 보스 몬스터 설명,
monster_desc_871,모험 9-7 일반 몬스터 설명,
monster_desc_872,모험 9-7 보스 몬스터 설명,
monster_desc_881,모험 9-8 일반 몬스터 설명,
monster_desc_882,모험 9-8 보스 몬스터 설명,
monster_desc_891,모험 9-9 일반 몬스터 설명,
monster_desc_892,모험 9-9 보스 몬스터 설명,
monster_desc_901,모험 9-10 일반 몬스터 설명,
monster_desc_902,모험 9-10 보스 몬스터 설명,
monster_desc_911,모험 10-1 일반 몬스터 설명,
monster_desc_912,모험 10-1 보스 몬스터 설명,
monster_desc_921,모험 10-2 일반 몬스터 설명,
monster_desc_922,모험 10-2 보스 몬스터 설명,
monster_desc_931,모험 10-3 일반 몬스터 설명,
monster_desc_932,모험 10-3 보스 몬스터 설명,
monster_desc_941,모험 10-4 일반 몬스터 설명,
monster_desc_942,모험 10-4 보스 몬스터 설명,
monster_desc_951,모험 10-5 일반 몬스터 설명,
monster_desc_952,모험 10-5 보스 몬스터 설명,
monster_desc_961,모험 10-6 일반 몬스터 설명,
monster_desc_962,모험 10-6 보스 몬스터 설명,
monster_desc_971,모험 10-7 일반 몬스터 설명,
monster_desc_972,모험 10-7 보스 몬스터 설명,
monster_desc_981,모험 10-8 일반 몬스터 설명,
monster_desc_982,모험 10-8 보스 몬스터 설명,
monster_desc_991,모험 10-9 일반 몬스터 설명,
monster_desc_992,모험 10-9 보스 몬스터 설명,
monster_desc_1001,모험 10-10 일반 몬스터 설명,
monster_desc_1002,모험 10-10 보스 몬스터 설명,
monster_desc_1011,모험 1-1 일반 몬스터 설명,
monster_desc_1012,모험 1-1 보스 몬스터 설명,
monster_desc_1021,모험 1-2 일반 몬스터 설명,
monster_desc_1022,모험 1-2 보스 몬스터 설명,
monster_desc_1031,모험 1-3 일반 몬스터 설명,
monster_desc_1032,모험 1-3 보스 몬스터 설명,
monster_desc_1041,모험 1-4 일반 몬스터 설명,
monster_desc_1042,모험 1-4 보스 몬스터 설명,
monster_desc_1051,모험 1-5 일반 몬스터 설명,
monster_desc_1052,모험 1-5 보스 몬스터 설명,
monster_desc_1061,모험 1-6 일반 몬스터 설명,
monster_desc_1062,모험 1-6 보스 몬스터 설명,
monster_desc_1071,모험 1-7 일반 몬스터 설명,
monster_desc_1072,모험 1-7 보스 몬스터 설명,
monster_desc_1081,모험 1-8 일반 몬스터 설명,
monster_desc_1082,모험 1-8 보스 몬스터 설명,
monster_desc_1091,모험 1-9 일반 몬스터 설명,
monster_desc_1092,모험 1-9 보스 몬스터 설명,
monster_desc_1101,모험 1-10 일반 몬스터 설명,
monster_desc_1102,모험 1-10 보스 몬스터 설명,
monster_desc_1111,모험 2-1 일반 몬스터 설명,
monster_desc_1112,모험 2-1 보스 몬스터 설명,
monster_desc_1121,모험 2-2 일반 몬스터 설명,
monster_desc_1122,모험 2-2 보스 몬스터 설명,
monster_desc_1131,모험 2-3 일반 몬스터 설명,
monster_desc_1132,모험 2-3 보스 몬스터 설명,
monster_desc_1141,모험 2-4 일반 몬스터 설명,
monster_desc_1142,모험 2-4 보스 몬스터 설명,
monster_desc_1151,모험 2-5 일반 몬스터 설명,
monster_desc_1152,모험 2-5 보스 몬스터 설명,
monster_desc_1161,모험 2-6 일반 몬스터 설명,
monster_desc_1162,모험 2-6 보스 몬스터 설명,
monster_desc_1171,모험 2-7 일반 몬스터 설명,
monster_desc_1172,모험 2-7 보스 몬스터 설명,
monster_desc_1181,모험 2-8 일반 몬스터 설명,
monster_desc_1182,모험 2-8 보스 몬스터 설명,
monster_desc_1191,모험 2-9 일반 몬스터 설명,
monster_desc_1192,모험 2-9 보스 몬스터 설명,
monster_desc_1201,모험 2-10 일반 몬스터 설명,
monster_desc_1202,모험 2-10 보스 몬스터 설명,
monster_desc_1211,모험 3-1 일반 몬스터 설명,
monster_desc_1212,모험 3-1 보스 몬스터 설명,
monster_desc_1221,모험 3-2 일반 몬스터 설명,
monster_desc_1222,모험 3-2 보스 몬스터 설명,
monster_desc_1231,모험 3-3 일반 몬스터 설명,
monster_desc_1232,모험 3-3 보스 몬스터 설명,
monster_desc_1241,모험 3-4 일반 몬스터 설명,
monster_desc_1242,모험 3-4 보스 몬스터 설명,
monster_desc_1251,모험 3-5 일반 몬스터 설명,
monster_desc_1252,모험 3-5 보스 몬스터 설명,
monster_desc_1261,모험 3-6 일반 몬스터 설명,
monster_desc_1262,모험 3-6 보스 몬스터 설명,
monster_desc_1271,모험 3-7 일반 몬스터 설명,
monster_desc_1272,모험 3-7 보스 몬스터 설명,
monster_desc_1281,모험 3-8 일반 몬스터 설명,
monster_desc_1282,모험 3-8 보스 몬스터 설명,
monster_desc_1291,모험 3-9 일반 몬스터 설명,
monster_desc_1292,모험 3-9 보스 몬스터 설명,
monster_desc_1301,모험 3-10 일반 몬스터 설명,
monster_desc_1302,모험 3-10 보스 몬스터 설명,
monster_desc_1311,모험 4-1 일반 몬스터 설명,
monster_desc_1312,모험 4-1 보스 몬스터 설명,
monster_desc_1321,모험 4-2 일반 몬스터 설명,
monster_desc_1322,모험 4-2 보스 몬스터 설명,
monster_desc_1331,모험 4-3 일반 몬스터 설명,
monster_desc_1332,모험 4-3 보스 몬스터 설명,
monster_desc_1341,모험 4-4 일반 몬스터 설명,
monster_desc_1342,모험 4-4 보스 몬스터 설명,
monster_desc_1351,모험 4-5 일반 몬스터 설명,
monster_desc_1352,모험 4-5 보스 몬스터 설명,
monster_desc_1361,모험 4-6 일반 몬스터 설명,
monster_desc_1362,모험 4-6 보스 몬스터 설명,
monster_desc_1371,모험 4-7 일반 몬스터 설명,
monster_desc_1372,모험 4-7 보스 몬스터 설명,
monster_desc_1381,모험 4-8 일반 몬스터 설명,
monster_desc_1382,모험 4-8 보스 몬스터 설명,
monster_desc_1391,모험 4-9 일반 몬스터 설명,
monster_desc_1392,모험 4-9 보스 몬스터 설명,
monster_desc_1401,모험 4-10 일반 몬스터 설명,
monster_desc_1402,모험 4-10 보스 몬스터 설명,
monster_desc_1411,모험 5-1 일반 몬스터 설명,
monster_desc_1412,모험 5-1 보스 몬스터 설명,
monster_desc_1421,모험 5-2 일반 몬스터 설명,
monster_desc_1422,모험 5-2 보스 몬스터 설명,
monster_desc_1431,모험 5-3 일반 몬스터 설명,
monster_desc_1432,모험 5-3 보스 몬스터 설명,
monster_desc_1441,모험 5-4 일반 몬스터 설명,
monster_desc_1442,모험 5-4 보스 몬스터 설명,
monster_desc_1451,모험 5-5 일반 몬스터 설명,
monster_desc_1452,모험 5-5 보스 몬스터 설명,
monster_desc_1461,모험 5-6 일반 몬스터 설명,
monster_desc_1462,모험 5-6 보스 몬스터 설명,
monster_desc_1471,모험 5-7 일반 몬스터 설명,
monster_desc_1472,모험 5-7 보스 몬스터 설명,
monster_desc_1481,모험 5-8 일반 몬스터 설명,
monster_desc_1482,모험 5-8 보스 몬스터 설명,
monster_desc_1491,모험 5-9 일반 몬스터 설명,
monster_desc_1492,모험 5-9 보스 몬스터 설명,
monster_desc_1501,모험 5-10 일반 몬스터 설명,
monster_desc_1502,모험 5-10 보스 몬스터 설명,
monster_desc_1511,모험 6-1 일반 몬스터 설명,
monster_desc_1512,모험 6-1 보스 몬스터 설명,
monster_desc_1521,모험 6-2 일반 몬스터 설명,
monster_desc_1522,모험 6-2 보스 몬스터 설명,
monster_desc_1531,모험 6-3 일반 몬스터 설명,
monster_desc_1532,모험 6-3 보스 몬스터 설명,
monster_desc_1541,모험 6-4 일반 몬스터 설명,
monster_desc_1542,모험 6-4 보스 몬스터 설명,
monster_desc_1551,모험 6-5 일반 몬스터 설명,
monster_desc_1552,모험 6-5 보스 몬스터 설명,
monster_desc_1561,모험 6-6 일반 몬스터 설명,
monster_desc_1562,모험 6-6 보스 몬스터 설명,
monster_desc_1571,모험 6-7 일반 몬스터 설명,
monster_desc_1572,모험 6-7 보스 몬스터 설명,
monster_desc_1581,모험 6-8 일반 몬스터 설명,
monster_desc_1582,모험 6-8 보스 몬스터 설명,
monster_desc_1591,모험 6-9 일반 몬스터 설명,
monster_desc_1592,모험 6-9 보스 몬스터 설명,
monster_desc_1601,모험 6-10 일반 몬스터 설명,
monster_desc_1602,모험 6-10 보스 몬스터 설명,
monster_desc_1611,모험 7-1 일반 몬스터 설명,
monster_desc_1612,모험 7-1 보스 몬스터 설명,
monster_desc_1621,모험 7-2 일반 몬스터 설명,
monster_desc_1622,모험 7-2 보스 몬스터 설명,
monster_desc_1631,모험 7-3 일반 몬스터 설명,
monster_desc_1632,모험 7-3 보스 몬스터 설명,
monster_desc_1641,모험 7-4 일반 몬스터 설명,
monster_desc_1642,모험 7-4 보스 몬스터 설명,
monster_desc_1651,모험 7-5 일반 몬스터 설명,
monster_desc_1652,모험 7-5 보스 몬스터 설명,
monster_desc_1661,모험 7-6 일반 몬스터 설명,
monster_desc_1662,모험 7-6 보스 몬스터 설명,
monster_desc_1671,모험 7-7 일반 몬스터 설명,
monster_desc_1672,모험 7-7 보스 몬스터 설명,
monster_desc_1681,모험 7-8 일반 몬스터 설명,
monster_desc_1682,모험 7-8 보스 몬스터 설명,
monster_desc_1691,모험 7-9 일반 몬스터 설명,
monster_desc_1692,모험 7-9 보스 몬스터 설명,
monster_desc_1701,모험 7-10 일반 몬스터 설명,
monster_desc_1702,모험 7-10 보스 몬스터 설명,
monster_desc_1711,모험 8-1 일반 몬스터 설명,
monster_desc_1712,모험 8-1 보스 몬스터 설명,
monster_desc_1721,모험 8-2 일반 몬스터 설명,
monster_desc_1722,모험 8-2 보스 몬스터 설명,
monster_desc_1731,모험 8-3 일반 몬스터 설명,
monster_desc_1732,모험 8-3 보스 몬스터 설명,
monster_desc_1741,모험 8-4 일반 몬스터 설명,
monster_desc_1742,모험 8-4 보스 몬스터 설명,
monster_desc_1751,모험 8-5 일반 몬스터 설명,
monster_desc_1752,모험 8-5 보스 몬스터 설명,
monster_desc_1761,모험 8-6 일반 몬스터 설명,
monster_desc_1762,모험 8-6 보스 몬스터 설명,
monster_desc_1771,모험 8-7 일반 몬스터 설명,
monster_desc_1772,모험 8-7 보스 몬스터 설명,
monster_desc_1781,모험 8-8 일반 몬스터 설명,
monster_desc_1782,모험 8-8 보스 몬스터 설명,
monster_desc_1791,모험 8-9 일반 몬스터 설명,
monster_desc_1792,모험 8-9 보스 몬스터 설명,
monster_desc_1801,모험 8-10 일반 몬스터 설명,
monster_desc_1802,모험 8-10 보스 몬스터 설명,
monster_desc_1811,모험 9-1 일반 몬스터 설명,
monster_desc_1812,모험 9-1 보스 몬스터 설명,
monster_desc_1821,모험 9-2 일반 몬스터 설명,
monster_desc_1822,모험 9-2 보스 몬스터 설명,
monster_desc_1831,모험 9-3 일반 몬스터 설명,
monster_desc_1832,모험 9-3 보스 몬스터 설명,
monster_desc_1841,모험 9-4 일반 몬스터 설명,
monster_desc_1842,모험 9-4 보스 몬스터 설명,
monster_desc_1851,모험 9-5 일반 몬스터 설명,
monster_desc_1852,모험 9-5 보스 몬스터 설명,
monster_desc_1861,모험 9-6 일반 몬스터 설명,
monster_desc_1862,모험 9-6 보스 몬스터 설명,
monster_desc_1871,모험 9-7 일반 몬스터 설명,
monster_desc_1872,모험 9-7 보스 몬스터 설명,
monster_desc_1881,모험 9-8 일반 몬스터 설명,
monster_desc_1882,모험 9-8 보스 몬스터 설명,
monster_desc_1891,모험 9-9 일반 몬스터 설명,
monster_desc_1892,모험 9-9 보스 몬스터 설명,
monster_desc_1901,모험 9-10 일반 몬스터 설명,
monster_desc_1902,모험 9-10 보스 몬스터 설명,
monster_desc_1911,모험 10-1 일반 몬스터 설명,
monster_desc_1912,모험 10-1 보스 몬스터 설명,
monster_desc_1921,모험 10-2 일반 몬스터 설명,
monster_desc_1922,모험 10-2 보스 몬스터 설명,
monster_desc_1931,모험 10-3 일반 몬스터 설명,
monster_desc_1932,모험 10-3 보스 몬스터 설명,
monster_desc_1941,모험 10-4 일반 몬스터 설명,
monster_desc_1942,모험 10-4 보스 몬스터 설명,
monster_desc_1951,모험 10-5 일반 몬스터 설명,
monster_desc_1952,모험 10-5 보스 몬스터 설명,
monster_desc_1961,모험 10-6 일반 몬스터 설명,
monster_desc_1962,모험 10-6 보스 몬스터 설명,
monster_desc_1971,모험 10-7 일반 몬스터 설명,
monster_desc_1972,모험 10-7 보스 몬스터 설명,
monster_desc_1981,모험 10-8 일반 몬스터 설명,
monster_desc_1982,모험 10-8 보스 몬스터 설명,
monster_desc_1991,모험 10-9 일반 몬스터 설명,
monster_desc_1992,모험 10-9 보스 몬스터 설명,
monster_desc_2001,모험 10-10 일반 몬스터 설명,
monster_desc_2002,모험 10-10 보스 몬스터 설명,
monster_desc_2011,모험 1-1 일반 몬스터 설명,
monster_desc_2012,모험 1-1 보스 몬스터 설명,
monster_desc_2021,모험 1-2 일반 몬스터 설명,
monster_desc_2022,모험 1-2 보스 몬스터 설명,
monster_desc_2031,모험 1-3 일반 몬스터 설명,
monster_desc_2032,모험 1-3 보스 몬스터 설명,
monster_desc_2041,모험 1-4 일반 몬스터 설명,
monster_desc_2042,모험 1-4 보스 몬스터 설명,
monster_desc_2051,모험 1-5 일반 몬스터 설명,
monster_desc_2052,모험 1-5 보스 몬스터 설명,
monster_desc_2061,모험 1-6 일반 몬스터 설명,
monster_desc_2062,모험 1-6 보스 몬스터 설명,
monster_desc_2071,모험 1-7 일반 몬스터 설명,
monster_desc_2072,모험 1-7 보스 몬스터 설명,
monster_desc_2081,모험 1-8 일반 몬스터 설명,
monster_desc_2082,모험 1-8 보스 몬스터 설명,
monster_desc_2091,모험 1-9 일반 몬스터 설명,
monster_desc_2092,모험 1-9 보스 몬스터 설명,
monster_desc_2101,모험 1-10 일반 몬스터 설명,
monster_desc_2102,모험 1-10 보스 몬스터 설명,
monster_desc_2111,모험 2-1 일반 몬스터 설명,
monster_desc_2112,모험 2-1 보스 몬스터 설명,
monster_desc_2121,모험 2-2 일반 몬스터 설명,
monster_desc_2122,모험 2-2 보스 몬스터 설명,
monster_desc_2131,모험 2-3 일반 몬스터 설명,
monster_desc_2132,모험 2-3 보스 몬스터 설명,
monster_desc_2141,모험 2-4 일반 몬스터 설명,
monster_desc_2142,모험 2-4 보스 몬스터 설명,
monster_desc_2151,모험 2-5 일반 몬스터 설명,
monster_desc_2152,모험 2-5 보스 몬스터 설명,
monster_desc_2161,모험 2-6 일반 몬스터 설명,
monster_desc_2162,모험 2-6 보스 몬스터 설명,
monster_desc_2171,모험 2-7 일반 몬스터 설명,
monster_desc_2172,모험 2-7 보스 몬스터 설명,
monster_desc_2181,모험 2-8 일반 몬스터 설명,
monster_desc_2182,모험 2-8 보스 몬스터 설명,
monster_desc_2191,모험 2-9 일반 몬스터 설명,
monster_desc_2192,모험 2-9 보스 몬스터 설명,
monster_desc_2201,모험 2-10 일반 몬스터 설명,
monster_desc_2202,모험 2-10 보스 몬스터 설명,
monster_desc_2211,모험 3-1 일반 몬스터 설명,
monster_desc_2212,모험 3-1 보스 몬스터 설명,
monster_desc_2221,모험 3-2 일반 몬스터 설명,
monster_desc_2222,모험 3-2 보스 몬스터 설명,
monster_desc_2231,모험 3-3 일반 몬스터 설명,
monster_desc_2232,모험 3-3 보스 몬스터 설명,
monster_desc_2241,모험 3-4 일반 몬스터 설명,
monster_desc_2242,모험 3-4 보스 몬스터 설명,
monster_desc_2251,모험 3-5 일반 몬스터 설명,
monster_desc_2252,모험 3-5 보스 몬스터 설명,
monster_desc_2261,모험 3-6 일반 몬스터 설명,
monster_desc_2262,모험 3-6 보스 몬스터 설명,
monster_desc_2271,모험 3-7 일반 몬스터 설명,
monster_desc_2272,모험 3-7 보스 몬스터 설명,
monster_desc_2281,모험 3-8 일반 몬스터 설명,
monster_desc_2282,모험 3-8 보스 몬스터 설명,
monster_desc_2291,모험 3-9 일반 몬스터 설명,
monster_desc_2292,모험 3-9 보스 몬스터 설명,
monster_desc_2301,모험 3-10 일반 몬스터 설명,
monster_desc_2302,모험 3-10 보스 몬스터 설명,
monster_desc_2311,모험 4-1 일반 몬스터 설명,
monster_desc_2312,모험 4-1 보스 몬스터 설명,
monster_desc_2321,모험 4-2 일반 몬스터 설명,
monster_desc_2322,모험 4-2 보스 몬스터 설명,
monster_desc_2331,모험 4-3 일반 몬스터 설명,
monster_desc_2332,모험 4-3 보스 몬스터 설명,
monster_desc_2341,모험 4-4 일반 몬스터 설명,
monster_desc_2342,모험 4-4 보스 몬스터 설명,
monster_desc_2351,모험 4-5 일반 몬스터 설명,
monster_desc_2352,모험 4-5 보스 몬스터 설명,
monster_desc_2361,모험 4-6 일반 몬스터 설명,
monster_desc_2362,모험 4-6 보스 몬스터 설명,
monster_desc_2371,모험 4-7 일반 몬스터 설명,
monster_desc_2372,모험 4-7 보스 몬스터 설명,
monster_desc_2381,모험 4-8 일반 몬스터 설명,
monster_desc_2382,모험 4-8 보스 몬스터 설명,
monster_desc_2391,모험 4-9 일반 몬스터 설명,
monster_desc_2392,모험 4-9 보스 몬스터 설명,
monster_desc_2401,모험 4-10 일반 몬스터 설명,
monster_desc_2402,모험 4-10 보스 몬스터 설명,
monster_desc_2411,모험 5-1 일반 몬스터 설명,
monster_desc_2412,모험 5-1 보스 몬스터 설명,
monster_desc_2421,모험 5-2 일반 몬스터 설명,
monster_desc_2422,모험 5-2 보스 몬스터 설명,
monster_desc_2431,모험 5-3 일반 몬스터 설명,
monster_desc_2432,모험 5-3 보스 몬스터 설명,
monster_desc_2441,모험 5-4 일반 몬스터 설명,
monster_desc_2442,모험 5-4 보스 몬스터 설명,
monster_desc_2451,모험 5-5 일반 몬스터 설명,
monster_desc_2452,모험 5-5 보스 몬스터 설명,
monster_desc_2461,모험 5-6 일반 몬스터 설명,
monster_desc_2462,모험 5-6 보스 몬스터 설명,
monster_desc_2471,모험 5-7 일반 몬스터 설명,
monster_desc_2472,모험 5-7 보스 몬스터 설명,
monster_desc_2481,모험 5-8 일반 몬스터 설명,
monster_desc_2482,모험 5-8 보스 몬스터 설명,
monster_desc_2491,모험 5-9 일반 몬스터 설명,
monster_desc_2492,모험 5-9 보스 몬스터 설명,
monster_desc_2501,모험 5-10 일반 몬스터 설명,
monster_desc_2502,모험 5-10 보스 몬스터 설명,
monster_desc_2511,모험 6-1 일반 몬스터 설명,
monster_desc_2512,모험 6-1 보스 몬스터 설명,
monster_desc_2521,모험 6-2 일반 몬스터 설명,
monster_desc_2522,모험 6-2 보스 몬스터 설명,
monster_desc_2531,모험 6-3 일반 몬스터 설명,
monster_desc_2532,모험 6-3 보스 몬스터 설명,
monster_desc_2541,모험 6-4 일반 몬스터 설명,
monster_desc_2542,모험 6-4 보스 몬스터 설명,
monster_desc_2551,모험 6-5 일반 몬스터 설명,
monster_desc_2552,모험 6-5 보스 몬스터 설명,
monster_desc_2561,모험 6-6 일반 몬스터 설명,
monster_desc_2562,모험 6-6 보스 몬스터 설명,
monster_desc_2571,모험 6-7 일반 몬스터 설명,
monster_desc_2572,모험 6-7 보스 몬스터 설명,
monster_desc_2581,모험 6-8 일반 몬스터 설명,
monster_desc_2582,모험 6-8 보스 몬스터 설명,
monster_desc_2591,모험 6-9 일반 몬스터 설명,
monster_desc_2592,모험 6-9 보스 몬스터 설명,
monster_desc_2601,모험 6-10 일반 몬스터 설명,
monster_desc_2602,모험 6-10 보스 몬스터 설명,
monster_desc_2611,모험 7-1 일반 몬스터 설명,
monster_desc_2612,모험 7-1 보스 몬스터 설명,
monster_desc_2621,모험 7-2 일반 몬스터 설명,
monster_desc_2622,모험 7-2 보스 몬스터 설명,
monster_desc_2631,모험 7-3 일반 몬스터 설명,
monster_desc_2632,모험 7-3 보스 몬스터 설명,
monster_desc_2641,모험 7-4 일반 몬스터 설명,
monster_desc_2642,모험 7-4 보스 몬스터 설명,
monster_desc_2651,모험 7-5 일반 몬스터 설명,
monster_desc_2652,모험 7-5 보스 몬스터 설명,
monster_desc_2661,모험 7-6 일반 몬스터 설명,
monster_desc_2662,모험 7-6 보스 몬스터 설명,
monster_desc_2671,모험 7-7 일반 몬스터 설명,
monster_desc_2672,모험 7-7 보스 몬스터 설명,
monster_desc_2681,모험 7-8 일반 몬스터 설명,
monster_desc_2682,모험 7-8 보스 몬스터 설명,
monster_desc_2691,모험 7-9 일반 몬스터 설명,
monster_desc_2692,모험 7-9 보스 몬스터 설명,
monster_desc_2701,모험 7-10 일반 몬스터 설명,
monster_desc_2702,모험 7-10 보스 몬스터 설명,
monster_desc_2711,모험 8-1 일반 몬스터 설명,
monster_desc_2712,모험 8-1 보스 몬스터 설명,
monster_desc_2721,모험 8-2 일반 몬스터 설명,
monster_desc_2722,모험 8-2 보스 몬스터 설명,
monster_desc_2731,모험 8-3 일반 몬스터 설명,
monster_desc_2732,모험 8-3 보스 몬스터 설명,
monster_desc_2741,모험 8-4 일반 몬스터 설명,
monster_desc_2742,모험 8-4 보스 몬스터 설명,
monster_desc_2751,모험 8-5 일반 몬스터 설명,
monster_desc_2752,모험 8-5 보스 몬스터 설명,
monster_desc_2761,모험 8-6 일반 몬스터 설명,
monster_desc_2762,모험 8-6 보스 몬스터 설명,
monster_desc_2771,모험 8-7 일반 몬스터 설명,
monster_desc_2772,모험 8-7 보스 몬스터 설명,
monster_desc_2781,모험 8-8 일반 몬스터 설명,
monster_desc_2782,모험 8-8 보스 몬스터 설명,
monster_desc_2791,모험 8-9 일반 몬스터 설명,
monster_desc_2792,모험 8-9 보스 몬스터 설명,
monster_desc_2801,모험 8-10 일반 몬스터 설명,
monster_desc_2802,모험 8-10 보스 몬스터 설명,
monster_desc_2811,모험 9-1 일반 몬스터 설명,
monster_desc_2812,모험 9-1 보스 몬스터 설명,
monster_desc_2821,모험 9-2 일반 몬스터 설명,
monster_desc_2822,모험 9-2 보스 몬스터 설명,
monster_desc_2831,모험 9-3 일반 몬스터 설명,
monster_desc_2832,모험 9-3 보스 몬스터 설명,
monster_desc_2841,모험 9-4 일반 몬스터 설명,
monster_desc_2842,모험 9-4 보스 몬스터 설명,
monster_desc_2851,모험 9-5 일반 몬스터 설명,
monster_desc_2852,모험 9-5 보스 몬스터 설명,
monster_desc_2861,모험 9-6 일반 몬스터 설명,
monster_desc_2862,모험 9-6 보스 몬스터 설명,
monster_desc_2871,모험 9-7 일반 몬스터 설명,
monster_desc_2872,모험 9-7 보스 몬스터 설명,
monster_desc_2881,모험 9-8 일반 몬스터 설명,
monster_desc_2882,모험 9-8 보스 몬스터 설명,
monster_desc_2891,모험 9-9 일반 몬스터 설명,
monster_desc_2892,모험 9-9 보스 몬스터 설명,
monster_desc_2901,모험 9-10 일반 몬스터 설명,
monster_desc_2902,모험 9-10 보스 몬스터 설명,
monster_desc_2911,모험 10-1 일반 몬스터 설명,
monster_desc_2912,모험 10-1 보스 몬스터 설명,
monster_desc_2921,모험 10-2 일반 몬스터 설명,
monster_desc_2922,모험 10-2 보스 몬스터 설명,
monster_desc_2931,모험 10-3 일반 몬스터 설명,
monster_desc_2932,모험 10-3 보스 몬스터 설명,
monster_desc_2941,모험 10-4 일반 몬스터 설명,
monster_desc_2942,모험 10-4 보스 몬스터 설명,
monster_desc_2951,모험 10-5 일반 몬스터 설명,
monster_desc_2952,모험 10-5 보스 몬스터 설명,
monster_desc_2961,모험 10-6 일반 몬스터 설명,
monster_desc_2962,모험 10-6 보스 몬스터 설명,
monster_desc_2971,모험 10-7 일반 몬스터 설명,
monster_desc_2972,모험 10-7 보스 몬스터 설명,
monster_desc_2981,모험 10-8 일반 몬스터 설명,
monster_desc_2982,모험 10-8 보스 몬스터 설명,
monster_desc_2991,모험 10-9 일반 몬스터 설명,
monster_desc_2992,모험 10-9 보스 몬스터 설명,
monster_desc_3001,모험 10-10 일반 몬스터 설명,
monster_desc_3002,모험 10-10 보스 몬스터 설명,
ui_battle_action_turn,턴,T
dino_part_name_1,디노 파츠 그룹 1,
dino_part_name_2,디노 파츠 그룹 2,
dino_part_name_3,디노 파츠 그룹 3,
dino_part_name_4,디노 파츠 그룹 4,
dino_part_name_1001,디노 파츠 그룹 1001,
dino_part_name_1002,디노 파츠 그룹 1002,
dino_part_name_1003,디노 파츠 그룹 1003,
dino_part_name_1004,디노 파츠 그룹 1004,
dino_part_name_7001,디노 파츠 그룹 7001,
dino_part_name_7002,디노 파츠 그룹 7002,
dino_part_name_7003,디노 파츠 그룹 7003,
dino_part_name_7004,디노 파츠 그룹 7004,
chapter_name_1,챕터1,
chapter_name_2,챕터2,
chapter_name_3,챕터3,
chapter_name_4,챕터4,
chapter_name_5,챕터5,
chapter_name_6,챕터6,
chapter_name_7,챕터7,
chapter_name_8,챕터8,
chapter_name_9,챕터9,
chapter_name_10,챕터10,
chapter_desc_1,챕터1 설명,
chapter_desc_2,챕터2 설명,
chapter_desc_3,챕터3 설명,
chapter_desc_4,챕터4 설명,
chapter_desc_5,챕터5 설명,
chapter_desc_6,챕터6 설명,
chapter_desc_7,챕터7 설명,
chapter_desc_8,챕터8 설명,
chapter_desc_9,챕터9 설명,
chapter_desc_10,챕터10 설명,
