id,kr,en,ch,tw,jp,ru,de,th,vi,ind,ms,fr,es,fa,ar
1,,,,,,,,,,,,,,,
2,,,,,,,,,,,,,,,
3,,,,,,,,,,,,,,,
4,,,,,,,,,,,,,,,
5,,,,,,,,,,,,,,,
6,,,,,,,,,,,,,,,
7,,,,,,,,,,,,,,,
8,%,,,,,,,,,,,,,,
9,/,,,,,,,,,,,,,,
10,디노,,,,,,,,,,,,,,
11,알,,,,,,,,,,,,,,
12,부화,,,,,,,,,,,,,,
13,선택,,,,,,,,,,,,,,
14,디노 알 부화,,,,,,,,,,,,,,
15,디노 알 선택,,,,,,,,,,,,,,
16,디노 레벨업,,,,,,,,,,,,,,
17,알을 열심히 흔들어서 부화시켜 보세요,,,,,,,,,,,,,,
18,현재 보유한 알이 없습니다.,,,,,,,,,,,,,,
19,보유 알,,,,,,,,,,,,,,
20,보유 조각,,,,,,,,,,,,,,
21,사용할 경험의 정수를 선택하세요,,,,,,,,,,,,,,
22,,,,,,,,,,,,,,,
26,확인,,,,,,,,,,,,,,
27,예,,,,,,,,,,,,,,
28,아니오,,,,,,,,,,,,,,
29,교체,,,,,,,,,,,,,,
30,체력,,,,,,,,,,,,,,
31,공격력,,,,,,,,,,,,,,
32,방어력,,,,,,,,,,,,,,
33,순발력,,,,,,,,,,,,,,
34,명중,,,,,,,,,,,,,,
35,회피,,,,,,,,,,,,,,
36,치명타 확률,,,,,,,,,,,,,,
37,치명타 피해,,,,,,,,,,,,,,
38,방어 관통,,,,,,,,,,,,,,
39,상태 저항,,,,,,,,,,,,,,
40,행운,,,,,,,,,,,,,,
41,매력,,,,,,,,,,,,,,
42,쿨타임,,,,,,,,,,,,,,
43,턴,,,,,,,,,,,,,,
44,LV,,,,,,,,,,,,,,
45,레벨업,,,,,,,,,,,,,,
46,민팅,,,,,,,,,,,,,,
47,디노를 민팅할 수 있는 조건을 만족하지 않습니다.,,,,,,,,,,,,,,
48,전체 성장률,,,,,,,,,,,,,,
49,체력 성장률,,,,,,,,,,,,,,
50,공격력 성장률,,,,,,,,,,,,,,
51,방어력 성장률,,,,,,,,,,,,,,
52,순발력 성장률,,,,,,,,,,,,,,
53,파츠 없음,,,,,,,,,,,,,,
54,신규순,,,,,,,,,,,,,,
55,레벨순,,,,,,,,,,,,,,
56,등급순,,,,,,,,,,,,,,
57,속성,,,,,,,,,,,,,,
58,역할,,,,,,,,,,,,,,
59,클래스,,,,,,,,,,,,,,
60,레벨,,,,,,,,,,,,,,
61,자동 선택,,,,,,,,,,,,,,
62,MAX,,,,,,,,,,,,,,
63,최대 레벨 이상으로는 업그레이드 할 수 없습니다.,,,,,,,,,,,,,,
70,머리,,,,,,,,,,,,,,
71,눈,,,,,,,,,,,,,,
72,입,,,,,,,,,,,,,,
73,등,,,,,,,,,,,,,,
74,꼬리,,,,,,,,,,,,,,
75,날개,,,,,,,,,,,,,,
76,제작,,,,,,,,,,,,,,
77,필요 재료,,,,,,,,,,,,,,
78,스킨 파츠 제작,,,,,,,,,,,,,,
79,스킨 파츠를 제작하시겠습니까?,,,,,,,,,,,,,,
80,디노 이름 변경,,,,,,,,,,,,,,
81,디노 이름은 2 ~ 10자까지 입력이 가능합니다.,,,,,,,,,,,,,,
82,주의사항 : 디노 이름 변경은 최초 1회만 무료이며 그 이후에는 재화가 필요합니다.,,,,,,,,,,,,,,
83,변경,,,,,,,,,,,,,,
84,이전과 같은 이름을 입력하셨네요,,,,,,,,,,,,,,
85,이름을 입력해주세요,,,,,,,,,,,,,,
86,사용할 수 없는 이름입니다.,,,,,,,,,,,,,,
87,장착중,,,,,,,,,,,,,,
88,,,,,,,,,,,,,,,
90,스킨 적용 안내,,,,,,,,,,,,,,
91,스킨 파츠의 스킨을 적용하시면 디노의 외형이 스킨 파츠로 변경됩니다.</br>그리고 적용할 스킨 파츠에 스킬이 있는 경우 디노의 스킬이 스킨 파츠 스킬로 변경됩니다.</br>스킨 파츠를 적용 하시겠습니까?,,,,,,,,,,,,,,
92,스킨 적용,,,,,,,,,,,,,,
93,스킨 해제 안내,,,,,,,,,,,,,,
94,스킨 파츠의 스킨을 해제하시면 디노의 외형과 해당 부위의 스킬이 원래대로 변경됩니다.</br>스킨 파츠의 스킨을 해제 하시겠습니까?,,,,,,,,,,,,,,
95,스킨 해제,,,,,,,,,,,,,,
96,스킬 변경 안내,,,,,,,,,,,,,,
97,스킨 파츠 적용으로 다음과 같이 스킬이 변경됩니다.,,,,,,,,,,,,,,
98,스킨 파츠 해제로 다음과 같이 스킬이 변경됩니다.,,,,,,,,,,,,,,
99,스킨 파츠 장착 안내,,,,,,,,,,,,,,
100,스킨 파츠를 장착하시면 스킨 파츠의 효과가 바로 적용 됩니다.,,,,,,,,,,,,,,
101,이미 스킨 파츠를 장착 중입니다.</br>선택하신 스킨 파츠로 교체하시면 파츠 효과가 변경 적용됩니다.,,,,,,,,,,,,,,
102,스킨 파츠를 장착 하시겠습니까?,,,,,,,,,,,,,,
103,스킨 파츠를 교체 하시겠습니까?,,,,,,,,,,,,,,
110,{0} 가 아직 오픈되지 않았습니다.,,,,,,,,,,,,,,
111,정보,,,,,,,,,,,,,,
112,스킬,,,,,,,,,,,,,,
113,룬,,,,,,,,,,,,,,
114,스킨 파츠,,,,,,,,,,,,,,
115,업그레이드,,,,,,,,,,,,,,
116,스킬 레벨업 안내,,,,,,,,,,,,,,
117,스킬을 레벨업 하시겠습니까?,,,,,,,,,,,,,,
118,전투 시작,,,,,,,,,,,,,,
119,팀 선택,,,,,,,,,,,,,,
120,보상 정보,,,,,,,,,,,,,,
121,출현하는 적,,,,,,,,,,,,,,
122,1,,,,,,,,,,,,,,
123,2,,,,,,,,,,,,,,
124,3,,,,,,,,,,,,,,
125,팀 효과,,,,,,,,,,,,,,
126,팀 편성,,,,,,,,,,,,,,
127,위치 효과,,,,,,,,,,,,,,
128,Normal,,,,,,,,,,,,,,
129,Hard,,,,,,,,,,,,,,
130,Hell,,,,,,,,,,,,,,
131,pos1,,,,,,,,,,,,,,
132,pos2,,,,,,,,,,,,,,
133,pos3,,,,,,,,,,,,,,
134,pos4,,,,,,,,,,,,,,
135,pos5,,,,,,,,,,,,,,
136,pos6,,,,,,,,,,,,,,
137,pos7,,,,,,,,,,,,,,
138,pos8,,,,,,,,,,,,,,
139,pos9,,,,,,,,,,,,,,
140,배치,,,,,,,,,,,,,,
141,해제,,,,,,,,,,,,,,
142,정보 보기,,,,,,,,,,,,,,
143,추천 조합,,,,,,,,,,,,,,
144,전체 해제,,,,,,,,,,,,,,
145,위치 설정,,,,,,,,,,,,,,
146,결정,,,,,,,,,,,,,,
147,초기화,,,,,,,,,,,,,,
148,초기화 비용,,,,,,,,,,,,,,
149,승리,,,,,,,,,,,,,,
150,패배,,,,,,,,,,,,,,
151,월드맵,,,,,,,,,,,,,,
152,로비 이동,,,,,,,,,,,,,,
153,전투 준비,,,,,,,,,,,,,,
154,다시하기,,,,,,,,,,,,,,
155,나가기,,,,,,,,,,,,,,
156,다음 스테이지,,,,,,,,,,,,,,
157,전투 기록,,,,,,,,,,,,,,
158,전체 공격량,,,,,,,,,,,,,,
159,받은 피해량,,,,,,,,,,,,,,
160,준 회복량,,,,,,,,,,,,,,
161,받은 회복량,,,,,,,,,,,,,,
162,WAVE,,,,,,,,,,,,,,
163,기절,,,,,,,,,,,,,,
164,빙결,,,,,,,,,,,,,,
165,석화,,,,,,,,,,,,,,
166,수면,,,,,,,,,,,,,,
167,출혈,,,,,,,,,,,,,,
168,중독,,,,,,,,,,,,,,
169,도발,,,,,,,,,,,,,,
170,혼란,,,,,,,,,,,,,,
171,매혹,,,,,,,,,,,,,,
172,속성 반전,,,,,,,,,,,,,,
173,속성 무시,,,,,,,,,,,,,,
174,실드,,,,,,,,,,,,,,
2000,오레우스,,,,,,,,,,,,,,
2001,워터루스,,,,,,,,,,,,,,
2002,두리우스,,,,,,,,,,,,,,
2003,코코우라,,,,,,,,,,,,,,
2004,베리우라,,,,,,,,,,,,,,
2005,멜로우라,,,,,,,,,,,,,,
2006,파이쿠스,,,,,,,,,,,,,,
2007,바나쿠스,,,,,,,,,,,,,,
2008,람쿠스,,,,,,,,,,,,,,
2009,피타드라고,,,,,,,,,,,,,,
2010,일반 디노 알,,,,,,,,,,,,,,
2011,레어 디노 알,,,,,,,,,,,,,,
2012,레전드 디노 알,,,,,,,,,,,,,,
2030,낮,,,,,,,,,,,,,,
2031,밤,,,,,,,,,,,,,,
2032,새벽,,,,,,,,,,,,,,
2033,일식,,,,,,,,,,,,,,
2040,방어형,,,,,,,,,,,,,,
2041,공격형,,,,,,,,,,,,,,
2042,지원형,,,,,,,,,,,,,,
2043,올라운더,,,,,,,,,,,,,,
2044,,,,,,,,,,,,,,,
2060,날개 파츠는 전설 등급의 디노만 소유할 수 있습니다.,,,,,,,,,,,,,,
2061,,,,,,,,,,,,,,,
2070,경험의 정수 레벨 1,,,,,,,,,,,,,,
2071,경험의 정수 레벨 2,,,,,,,,,,,,,,
2072,경험의 정수 레벨 3,,,,,,,,,,,,,,
2073,경험의 정수 레벨 4,,,,,,,,,,,,,,
2074,경험의 정수 레벨 5,,,,,,,,,,,,,,
2075,경험의 정수 레벨 6,,,,,,,,,,,,,,
2080,디노의 경험치를 {0} 만큼 올려주는 신비한 정수,,,,,,,,,,,,,,
2081,디노의 경험치를 {0} 만큼 올려주는 신비한 정수,,,,,,,,,,,,,,
2082,디노의 경험치를 {0} 만큼 올려주는 신비한 정수,,,,,,,,,,,,,,
2083,디노의 경험치를 {0} 만큼 올려주는 신비한 정수,,,,,,,,,,,,,,
2084,디노의 경험치를 {0} 만큼 올려주는 신비한 정수,,,,,,,,,,,,,,
2085,디노의 경험치를 {0} 만큼 올려주는 신비한 정수,,,,,,,,,,,,,,
2090,경험의 정수 선택,,,,,,,,,,,,,,
2100,오렌지_머리_01 이름,,,,,,,,,,,,,,
2101,오렌지_머리_02 이름,,,,,,,,,,,,,,
2102,오렌지_머리_03 이름,,,,,,,,,,,,,,
2103,오렌지_머리_04 이름,,,,,,,,,,,,,,
2104,오렌지_눈_01 이름,,,,,,,,,,,,,,
2105,오렌지_눈_02 이름,,,,,,,,,,,,,,
2106,오렌지_눈_03 이름,,,,,,,,,,,,,,
2107,오렌지_눈_04 이름,,,,,,,,,,,,,,
2108,오렌지_입_01 이름,,,,,,,,,,,,,,
2109,오렌지_입_02 이름,,,,,,,,,,,,,,
2110,오렌지_입_03 이름,,,,,,,,,,,,,,
2111,오렌지_입_04 이름,,,,,,,,,,,,,,
2112,오렌지_등_01이름,,,,,,,,,,,,,,
2113,오렌지_등_02이름,,,,,,,,,,,,,,
2114,오렌지_등_03이름,,,,,,,,,,,,,,
2115,오렌지_등_04이름,,,,,,,,,,,,,,
2116,오렌지_꼬리_01 이름,,,,,,,,,,,,,,
2117,오렌지_꼬리_02 이름,,,,,,,,,,,,,,
2118,오렌지_꼬리_03 이름,,,,,,,,,,,,,,
2119,오렌지_꼬리_04 이름,,,,,,,,,,,,,,
2120,수박_머리_01 이름,,,,,,,,,,,,,,
2121,수박_머리_02 이름,,,,,,,,,,,,,,
2122,수박_머리_03 이름,,,,,,,,,,,,,,
2123,수박_머리_04 이름,,,,,,,,,,,,,,
2124,수박_눈_01 이름,,,,,,,,,,,,,,
2125,수박_눈_02 이름,,,,,,,,,,,,,,
2126,수박_눈_03 이름,,,,,,,,,,,,,,
2127,수박_눈_04 이름,,,,,,,,,,,,,,
2128,수박_입_01 이름,,,,,,,,,,,,,,
2129,수박_입_02 이름,,,,,,,,,,,,,,
2130,수박_입_03 이름,,,,,,,,,,,,,,
2131,수박_입_04 이름,,,,,,,,,,,,,,
2132,수박_등_01이름,,,,,,,,,,,,,,
2133,수박_등_02이름,,,,,,,,,,,,,,
2134,수박_등_03이름,,,,,,,,,,,,,,
2135,수박_등_04이름,,,,,,,,,,,,,,
2136,수박_꼬리_01 이름,,,,,,,,,,,,,,
2137,수박_꼬리_02 이름,,,,,,,,,,,,,,
2138,수박_꼬리_03 이름,,,,,,,,,,,,,,
2139,수박_꼬리_04 이름,,,,,,,,,,,,,,
2140,두리안_머리_01 이름,,,,,,,,,,,,,,
2141,두리안_머리_02 이름,,,,,,,,,,,,,,
2142,두리안_머리_03 이름,,,,,,,,,,,,,,
2143,두리안_머리_04 이름,,,,,,,,,,,,,,
2144,두리안_눈_01 이름,,,,,,,,,,,,,,
2145,두리안_눈_02 이름,,,,,,,,,,,,,,
2146,두리안_눈_03 이름,,,,,,,,,,,,,,
2147,두리안_눈_04 이름,,,,,,,,,,,,,,
2148,두리안_입_01 이름,,,,,,,,,,,,,,
2149,두리안_입_02 이름,,,,,,,,,,,,,,
2150,두리안_입_03 이름,,,,,,,,,,,,,,
2151,두리안_입_04 이름,,,,,,,,,,,,,,
2152,두리안_등_01이름,,,,,,,,,,,,,,
2153,두리안_등_02이름,,,,,,,,,,,,,,
2154,두리안_등_03이름,,,,,,,,,,,,,,
2155,두리안_등_04이름,,,,,,,,,,,,,,
2156,두리안_꼬리_01 이름,,,,,,,,,,,,,,
2157,두리안_꼬리_02 이름,,,,,,,,,,,,,,
2158,두리안_꼬리_03 이름,,,,,,,,,,,,,,
2159,두리안_꼬리_04 이름,,,,,,,,,,,,,,
2160,코코넛_머리_01 이름,,,,,,,,,,,,,,
2161,코코넛_머리_02 이름,,,,,,,,,,,,,,
2162,코코넛_머리_03 이름,,,,,,,,,,,,,,
2163,코코넛_머리_04 이름,,,,,,,,,,,,,,
2164,코코넛_눈_01 이름,,,,,,,,,,,,,,
2165,코코넛_눈_02 이름,,,,,,,,,,,,,,
2166,코코넛_눈_03 이름,,,,,,,,,,,,,,
2167,코코넛_눈_04 이름,,,,,,,,,,,,,,
2168,코코넛_입_01 이름,,,,,,,,,,,,,,
2169,코코넛_입_02 이름,,,,,,,,,,,,,,
2170,코코넛_입_03 이름,,,,,,,,,,,,,,
2171,코코넛_입_04 이름,,,,,,,,,,,,,,
2172,코코넛_등_01이름,,,,,,,,,,,,,,
2173,코코넛_등_02이름,,,,,,,,,,,,,,
2174,코코넛_등_03이름,,,,,,,,,,,,,,
2175,코코넛_등_04이름,,,,,,,,,,,,,,
2176,코코넛_꼬리_01 이름,,,,,,,,,,,,,,
2177,코코넛_꼬리_02 이름,,,,,,,,,,,,,,
2178,코코넛_꼬리_03 이름,,,,,,,,,,,,,,
2179,코코넛_꼬리_04 이름,,,,,,,,,,,,,,
2180,블루베리_머리_01 이름,,,,,,,,,,,,,,
2181,블루베리_머리_02 이름,,,,,,,,,,,,,,
2182,블루베리_머리_03 이름,,,,,,,,,,,,,,
2183,블루베리_머리_04 이름,,,,,,,,,,,,,,
2184,블루베리_눈_01 이름,,,,,,,,,,,,,,
2185,블루베리_눈_02 이름,,,,,,,,,,,,,,
2186,블루베리_눈_03 이름,,,,,,,,,,,,,,
2187,블루베리_눈_04 이름,,,,,,,,,,,,,,
2188,블루베리_입_01 이름,,,,,,,,,,,,,,
2189,블루베리_입_02 이름,,,,,,,,,,,,,,
2190,블루베리_입_03 이름,,,,,,,,,,,,,,
2191,블루베리_입_04 이름,,,,,,,,,,,,,,
2192,블루베리_등_01이름,,,,,,,,,,,,,,
2193,블루베리_등_02이름,,,,,,,,,,,,,,
2194,블루베리_등_03이름,,,,,,,,,,,,,,
2195,블루베리_등_04이름,,,,,,,,,,,,,,
2196,블루베리_꼬리_01 이름,,,,,,,,,,,,,,
2197,블루베리_꼬리_02 이름,,,,,,,,,,,,,,
2198,블루베리_꼬리_03 이름,,,,,,,,,,,,,,
2199,블루베리_꼬리_04 이름,,,,,,,,,,,,,,
2200,멜론_머리_01 이름,,,,,,,,,,,,,,
2201,멜론_머리_02 이름,,,,,,,,,,,,,,
2202,멜론_머리_03 이름,,,,,,,,,,,,,,
2203,멜론_머리_04 이름,,,,,,,,,,,,,,
2204,멜론_눈_01 이름,,,,,,,,,,,,,,
2205,멜론_눈_02 이름,,,,,,,,,,,,,,
2206,멜론_눈_03 이름,,,,,,,,,,,,,,
2207,멜론_눈_04 이름,,,,,,,,,,,,,,
2208,멜론_입_01 이름,,,,,,,,,,,,,,
2209,멜론_입_02 이름,,,,,,,,,,,,,,
2210,멜론_입_03 이름,,,,,,,,,,,,,,
2211,멜론_입_04 이름,,,,,,,,,,,,,,
2212,멜론_등_01이름,,,,,,,,,,,,,,
2213,멜론_등_02이름,,,,,,,,,,,,,,
2214,멜론_등_03이름,,,,,,,,,,,,,,
2215,멜론_등_04이름,,,,,,,,,,,,,,
2216,멜론_꼬리_01 이름,,,,,,,,,,,,,,
2217,멜론_꼬리_02 이름,,,,,,,,,,,,,,
2218,멜론_꼬리_03 이름,,,,,,,,,,,,,,
2219,멜론_꼬리_04 이름,,,,,,,,,,,,,,
2220,파인애플_머리_01 이름,,,,,,,,,,,,,,
2221,파인애플_머리_02 이름,,,,,,,,,,,,,,
2222,파인애플_머리_03 이름,,,,,,,,,,,,,,
2223,파인애플_머리_04 이름,,,,,,,,,,,,,,
2224,파인애플_눈_01 이름,,,,,,,,,,,,,,
2225,파인애플_눈_02 이름,,,,,,,,,,,,,,
2226,파인애플_눈_03 이름,,,,,,,,,,,,,,
2227,파인애플_눈_04 이름,,,,,,,,,,,,,,
2228,파인애플_입_01 이름,,,,,,,,,,,,,,
2229,파인애플_입_02 이름,,,,,,,,,,,,,,
2230,파인애플_입_03 이름,,,,,,,,,,,,,,
2231,파인애플_입_04 이름,,,,,,,,,,,,,,
2232,파인애플_등_01이름,,,,,,,,,,,,,,
2233,파인애플_등_02이름,,,,,,,,,,,,,,
2234,파인애플_등_03이름,,,,,,,,,,,,,,
2235,파인애플_등_04이름,,,,,,,,,,,,,,
2236,파인애플_꼬리_01 이름,,,,,,,,,,,,,,
2237,파인애플_꼬리_02 이름,,,,,,,,,,,,,,
2238,파인애플_꼬리_03 이름,,,,,,,,,,,,,,
2239,파인애플_꼬리_04 이름,,,,,,,,,,,,,,
2240,바나나_머리_01 이름,,,,,,,,,,,,,,
2241,바나나_머리_02 이름,,,,,,,,,,,,,,
2242,바나나_머리_03 이름,,,,,,,,,,,,,,
2243,바나나_머리_04 이름,,,,,,,,,,,,,,
2244,바나나_눈_01 이름,,,,,,,,,,,,,,
2245,바나나_눈_02 이름,,,,,,,,,,,,,,
2246,바나나_눈_03 이름,,,,,,,,,,,,,,
2247,바나나_눈_04 이름,,,,,,,,,,,,,,
2248,바나나_입_01 이름,,,,,,,,,,,,,,
2249,바나나_입_02 이름,,,,,,,,,,,,,,
2250,바나나_입_03 이름,,,,,,,,,,,,,,
2251,바나나_입_04 이름,,,,,,,,,,,,,,
2252,바나나_등_01이름,,,,,,,,,,,,,,
2253,바나나_등_02이름,,,,,,,,,,,,,,
2254,바나나_등_03이름,,,,,,,,,,,,,,
2255,바나나_등_04이름,,,,,,,,,,,,,,
2256,바나나_꼬리_01 이름,,,,,,,,,,,,,,
2257,바나나_꼬리_02 이름,,,,,,,,,,,,,,
2258,바나나_꼬리_03 이름,,,,,,,,,,,,,,
2259,바나나_꼬리_04 이름,,,,,,,,,,,,,,
2260,람부탄_머리_01 이름,,,,,,,,,,,,,,
2261,람부탄_머리_02 이름,,,,,,,,,,,,,,
2262,람부탄_머리_03 이름,,,,,,,,,,,,,,
2263,람부탄_머리_04 이름,,,,,,,,,,,,,,
2264,람부탄_눈_01 이름,,,,,,,,,,,,,,
2265,람부탄_눈_02 이름,,,,,,,,,,,,,,
2266,람부탄_눈_03 이름,,,,,,,,,,,,,,
2267,람부탄_눈_04 이름,,,,,,,,,,,,,,
2268,람부탄_입_01 이름,,,,,,,,,,,,,,
2269,람부탄_입_02 이름,,,,,,,,,,,,,,
2270,람부탄_입_03 이름,,,,,,,,,,,,,,
2271,람부탄_입_04 이름,,,,,,,,,,,,,,
2272,람부탄_등_01이름,,,,,,,,,,,,,,
2273,람부탄_등_02이름,,,,,,,,,,,,,,
2274,람부탄_등_03이름,,,,,,,,,,,,,,
2275,람부탄_등_04이름,,,,,,,,,,,,,,
2276,람부탄_꼬리_01 이름,,,,,,,,,,,,,,
2277,람부탄_꼬리_02 이름,,,,,,,,,,,,,,
2278,람부탄_꼬리_03 이름,,,,,,,,,,,,,,
2279,람부탄_꼬리_04 이름,,,,,,,,,,,,,,
2280,용과_머리_01 이름,,,,,,,,,,,,,,
2281,용과_눈_01 이름,,,,,,,,,,,,,,
2282,용과_입_01 이름,,,,,,,,,,,,,,
2283,용과_등_01이름,,,,,,,,,,,,,,
2284,용과_꼬리_01 이름,,,,,,,,,,,,,,
2285,용과_날개_01 이름,,,,,,,,,,,,,,
2286,와일드 디노_상어_머리 이름,,,,,,,,,,,,,,
2287,와일드 디노_상어_눈 이름,,,,,,,,,,,,,,
2288,와일드_디노_상어_입 이름,,,,,,,,,,,,,,
2289,와일드_디노_상어_등 이름,,,,,,,,,,,,,,
2290,와일드_디노_상어_꼬리 이름,,,,,,,,,,,,,,
2291,,,,,,,,,,,,,,,
3000,크롤리스,,,,,,,,,,,,,,
3001,태초의 숲,,,,,,,,,,,,,,
3002,코코 해변,,,,,,,,,,,,,,
3003,반짝이는 숲,,,,,,,,,,,,,,
3004,쿠루루 신전,,,,,,,,,,,,,,
3005,설산,,,,,,,,,,,,,,
3006,거인의 무덤,,,,,,,,,,,,,,
3007,뱀굴,,,,,,,,,,,,,,
3008,칠리치노,,,,,,,,,,,,,,
3009,미들 크롤리스,,,,,,,,,,,,,,
3020,1,,,,,,,,,,,,,,
3021,2,,,,,,,,,,,,,,
3022,3,,,,,,,,,,,,,,
3023,4,,,,,,,,,,,,,,
3024,5,,,,,,,,,,,,,,
3025,6,,,,,,,,,,,,,,
3026,7,,,,,,,,,,,,,,
3027,8,,,,,,,,,,,,,,
3028,9,,,,,,,,,,,,,,
3029,10,,,,,,,,,,,,,,
3030,11,,,,,,,,,,,,,,
3031,12,,,,,,,,,,,,,,
3032,13,,,,,,,,,,,,,,
3033,14,,,,,,,,,,,,,,
3034,15,,,,,,,,,,,,,,
3035,16,,,,,,,,,,,,,,
3036,17,,,,,,,,,,,,,,
3040,18,,,,,,,,,,,,,,
3041,19,,,,,,,,,,,,,,
3042,20,,,,,,,,,,,,,,
3043,21,,,,,,,,,,,,,,
3044,22,,,,,,,,,,,,,,
3045,23,,,,,,,,,,,,,,
3046,24,,,,,,,,,,,,,,
3047,25,,,,,,,,,,,,,,
3500,{0}월드의 모든 지역을 클리어 해야 입장할 수 있습니다.,,,,,,,,,,,,,,
3501,{0} 노멀 난이도를 모두 클리어 해야 입장할 수 있습니다.,,,,,,,,,,,,,,
3502,{0} {1} - {2} {3} 난이도를 모두 클리어 해야 입장할 수 있습니다.,,,,,,,,,,,,,,
4000,일반공격,,,,,,,,,,,,,,
4001,시큼한 검기,,,,,,,,,,,,,,
4002,반달 베기,,,,,,,,,,,,,,
4003,보이지 않는 타격,,,,,,,,,,,,,,
4004,쿨타임 보충,,,,,,,,,,,,,,
4005,서늘한 감각,,,,,,,,,,,,,,
4006,초고속 꼬리,,,,,,,,,,,,,,
4007,회오리 돌진,,,,,,,,,,,,,,
4008,치명적 꽁지,,,,,,,,,,,,,,
4009,날카로운 집념,,,,,,,,,,,,,,
4010,복수 다짐,,,,,,,,,,,,,,
4011,오렌지의 유혹,,,,,,,,,,,,,,
4012,매서운 녀석들,,,,,,,,,,,,,,
4013,왕수박 던지기,,,,,,,,,,,,,,
4014,씨앗 따발총,,,,,,,,,,,,,,
4015,달콤한 추억,,,,,,,,,,,,,,
4016,굳건한 마음,,,,,,,,,,,,,,
4017,꽁지 점프,,,,,,,,,,,,,,
4018,먹고 힘내!,,,,,,,,,,,,,,
4019,살랑이는 꼬리,,,,,,,,,,,,,,
4020,각성 꽁지,,,,,,,,,,,,,,
4021,호전적인 마음,,,,,,,,,,,,,,
4022,마지막 잎새,,,,,,,,,,,,,,
4023,단단 등껍질,,,,,,,,,,,,,,
4024,않는 마음,,,,,,,,,,,,,,
4025,1,,,,,,,,,,,,,,
4026,2,,,,,,,,,,,,,,
4027,3,,,,,,,,,,,,,,
4028,4,,,,,,,,,,,,,,
4029,5,,,,,,,,,,,,,,
4030,6,,,,,,,,,,,,,,
4031,7,,,,,,,,,,,,,,
4032,8,,,,,,,,,,,,,,
4033,9,,,,,,,,,,,,,,
4034,0,,,,,,,,,,,,,,
4035,11,,,,,,,,,,,,,,
4036,11,,,,,,,,,,,,,,
4037,코코넛 소환술,,,,,,,,,,,,,,
4038,나머지 반쪽,,,,,,,,,,,,,,
4039,단단한 껍질,,,,,,,,,,,,,,
4040,나만 바라봐!,,,,,,,,,,,,,,
4041,맛있는 야자,,,,,,,,,,,,,,
4042,랜덤 야자 미사일,,,,,,,,,,,,,,
4043,실드 공격,,,,,,,,,,,,,,
4044,열매 지진,,,,,,,,,,,,,,
4045,든든한 시작,,,,,,,,,,,,,,
4046,용감한 외침,,,,,,,,,,,,,,
4047,죽지 않아!,,,,,,,,,,,,,,
4048,딴딴한 피부,,,,,,,,,,,,,,
4049,아무나 맞아라!,,,,,,,,,,,,,,
4050,백샷,,,,,,,,,,,,,,
4051,베리 따발총,,,,,,,,,,,,,,
4052,차가운 폭탄,,,,,,,,,,,,,,
4053,가로로 발사!,,,,,,,,,,,,,,
4054,최후의 만찬,,,,,,,,,,,,,,
4055,가드 파괴,,,,,,,,,,,,,,
4056,베리 날아간다!,,,,,,,,,,,,,,
4057,차가운 다짐,,,,,,,,,,,,,,
4058,저격 감각,,,,,,,,,,,,,,
4059,극단적 공격,,,,,,,,,,,,,,
4060,서린 감각,,,,,,,,,,,,,,
4061,기습 돌격,,,,,,,,,,,,,,
4062,일시적 봉인 주문,,,,,,,,,,,,,,
4063,약화 주문,,,,,,,,,,,,,,
4064,꽈당 넘어져라!,,,,,,,,,,,,,,
4065,콕 찌르기,,,,,,,,,,,,,,
4066,약골 주문,,,,,,,,,,,,,,
4067,공격 약화 주문,,,,,,,,,,,,,,
4068,꼬리치기,,,,,,,,,,,,,,
4069,면역 약화,,,,,,,,,,,,,,
4070,불운한 기운,,,,,,,,,,,,,,
4071,디버프 회복,,,,,,,,,,,,,,
4072,노멀의 위대함,,,,,,,,,,,,,,
4500,자신의 공격력의 {3}%로 대상을 공격합니다. 만약 버스트 콤보가 발생하고 첫번째 순서일 경우 치명타가 발생합니다.,,,,,,,,,,,,,,
4501,자신의 공격력의 {3}%로 대상을 공격합니다. 만약 버스트 콤보가 발생하고 첫번째 순서일 경우 {8}턴동안 행운을 {7}만큼 증가시킵니다.,,,,,,,,,,,,,,
4502,자신의 공격력의 {3}%로 대상을 공격합니다. 만약 버스트 콤보가 발생하고 첫번째 순서일 경우 {5}% 확률로 {8}턴간 출혈상태로 만듭니다.,,,,,,,,,,,,,,
4503,검기를 날려 전방의 가로일렬에 위치한 모든 적에게 공격력의 {3}%의 피해를 주며 {5}% 확률로 대상을 {8}턴간 출혈 상태로 만듭니다.,,,,,,,,,,,,,,
4504,단일 적에게 반달 뿔의 검기를 날려 공격력의 {3}%의 피해를 주고 치명타가 발생할 경우 {5}% 확률로 공격력 {7}%의 피해를 주는 검기를 한번 더 날립니다. ,,,,,,,,,,,,,,
4505,단일 적에게 물어뜯기 공격으로 공격력의 {3}%의 피해를 입힙니다. 공격후 {5}% 확률로 {8}턴간 은신상태가 됩니다.,,,,,,,,,,,,,,
4506,높이 점프하여 타겟을 강력하게 들이받아 공격력의 {3}%의 피해를 줍니다. 대상이 스킬을 사용할 예정이라면 {5}% 확률로 자신의 액티브 스킬 중 하나의 쿨타임을 초기화합니다. ,,,,,,,,,,,,,,
4507,자신이 {4}턴 동안 은신 상태가 되며 턴이 지날 때 마다 치명타 피해량이 {7} 증가 하고 치명타 확률이 {11}% 증가합니다.</br> 만약 은신중 적에게 피격당할 시 은신이 풀리며 증가된 효과는 사라집니다.,,,,,,,,,,,,,,
4508,매우 빠른 속도로 적에게 접근 후 회전 공격으로 공격력의 대상에게 공격력의 {3}%의 피해를 입히고 {5}% 확률로 자신의 순발력을 {8}턴간 {7} 증가시킵니다.,,,,,,,,,,,,,,
4509,단일 적에게 회전 공격으로 공격력 {3}%의 피해를 5번 연속으로 입힙니다. 적이 사망하면 남은 횟수만큼 뒤에 있는 적을 타격합니다.,,,,,,,,,,,,,,
4510,단일 적에게 날카로운 쫑지 찌르기 공격으로 공격력의 55%의 피해를 2번입힙니다. </br>치명타 발생시 타겟은 50% 확률로 1턴간 출혈 상태가 되며 두번의 공격 모두 치명타가 발생할 경우 출혈 상태가 1턴 늘어납니다.,,,,,,,,,,,,,,
4511,방어 관통을 성공할 경우 대상이 {0}% 확률로 {4}턴간 출혈 상태가됩니다.,,,,,,,,,,,,,,
4512,자신의 공격력을 {3}% 증가시킵니다. 또한 아군이 사망할 때마다 자신의 공격력이 {7}%씩 증가합니다.,,,,,,,,,,,,,,
4513,스테이지 시작시 자신의 방어관통률을 {3}% 늘려줍니다.,,,,,,,,,,,,,,
4514,낮속성 아군의수 X {3}% 만큼 자신의 치명타 확률이 증가합니다.,,,,,,,,,,,,,,
4515,수박씨를 발사하여 자신의 공격력의 {3}%의 피해를 입힙니다. </br>또한 두번째 순서로 자신이 버스트 콤보에 성공할 경우 아군 중 한명의 공격력을 자신의 공격력 만큼 {8}턴간 증가 시킵니다. ,,,,,,,,,,,,,,
4516,수박씨를 발사하여 자신의 공격력의 {3}%의 피해를 입힙니다, </br>또한 두번째 순서로 자신이 버스트 콤보에 성공할 경우 아군중 한명의 방어력을 자신의 방어력의 {7}%만큼 {8}턴동안 증가시킵니다.,,,,,,,,,,,,,,
4517,수박시를 발사하여 자신의 공격력의 {3}%의 피해를 입힙니다, </br>또한 두번째 순서로 자신이 버스트 콤보에 성공할 경우 아군중 한명의 체력을 자신의 최대체력의 {7}%만큼 회복시킵니다.,,,,,,,,,,,,,,
4518,단일 적에게 거대한 수박 조각을 던져 자신의 공격력의 {3}%의 피해를 입히고 {5}% 확률로 자신보다 앞에 있는 모든 아군의 명중이 자신의 현재 명중의 {7}% 만큼 {8}턴간 증가합니다.,,,,,,,,,,,,,,
4519,제자리에서 빙글빙글 돌면서 수박씨를 무작위로 발사하여 살아있는 모든 적군에게 자신의 공격력의 {3}%의 공격력으로 12번 피해를 입힙니다.,,,,,,,,,,,,,,
4520,아군 한명에게 달콤한 축복의 노래를 선사하여 자신의 최대체력의 {3}%만큼 체력을 회복시킵니다.,,,,,,,,,,,,,,
4521,자신과 같은 특성을 가진 모든 아군의 방어력을 자신의 방어력의 {3}% 만큼 {4}턴간 증가시킵니다., </br>또한 {5}% 확률로 다른 특성을 가진 모든 아군의 방어력을 자신의 방어력의 {7}%만큼 {8}턴간 증가시킵니다.,,,,,,,,,,,,,,
4522,꽁지로 점프한 후 몸무게를 실어 아프게 내려찍어 자신 공격력의 {3}%의 피해를 주며 수박 파편으로 인해 {5}%확률로 타겟과 같은 행에 있는 모든 적에게 자신 공격력의 {7}%의 피해를 줍니다.,,,,,,,,,,,,,,
4523,수박 조각 하나를 떼어서 대상 아군에게 주어 대상 아군의 체력의 {3}%를 회복 시킵니다. </br>이때 자신의 최대 체력의 {7}%가 감소하며 {9}% 확률로 대상 아군의 최대 체력이 감소한 자신의 체력만큼 추가로 증가합니다.,,,,,,,,,,,,,,
4524,아군 전체 회비율을 {4}턴동안 {3}% 증가시킵니다. 또한 체력이 20% 이하인 아군이 있다면 {5}% 확률로 추가로 회피율을 {8}턴간 {7}% 더 증가시킵니다. ,,,,,,,,,,,,,,
4525,대상 아군의 모든 상태 이상을 제거합니다. 또한 {5}%확률로 대상 아군의 행운이 {8}턴간 {7}증가합니다.,,,,,,,,,,,,,,
4526,자신과 같은 속성을 가진 아군의 수 x {1}% 의 확률로 자신과 같은 속성인 디노를 랜덤으로 골라 액티브 스킬 중 한 개의 쿨타임을 {3} 감소 시킵니다.,,,,,,,,,,,,,,
4527,턴 시작시 체력이 20%이하인 아군의 모든 순발력을 {3}만큼 {4}턴간 증가시킵니다. </br>또한 {5}% 확률로 체력 20%이하의 아군 중 일부의 공격력이 자신 공격력의 {7}% 만큼 {8}턴간 증가합니다.,,,,,,,,,,,,,,
4528,자신과 같은 등급의 아군 방어력을 자신 방어력의 {3}% 만큼 증가시킵니다.,,,,,,,,,,,,,,
4529,아군전체의 상태 저항 값이 자신의 상태 저항 값의 {3}%만큼 증가합니다. ,,,,,,,,,,,,,,
4530,강한 몸통 공격으로 자신의 공격력의 {2}%의 피해를 입힙니다. </br>이때 버스트콤보가 발생하고 세번째 순서일 경우 {7}턴 동안 자신이 도발 상태가 됩니다.,,,,,,,,,,,,,,
4531,강한 몸통 공격으로 자신의 공격력의 {2}%의 피해를 입힙니다. </br>이때 버스트콤보가 발생하고 세번째 순서일 경우 {7}턴 동안 자신의 최대 체력의 {6}%만큼 회복합니다.,,,,,,,,,,,,,,
4532,강한 몸통 공격으로 자신의 공격력의 {2}%의 피해를 입힙니다. </br>이때 버스트콤보가 발생하고 세번째 순서일 경우 {7}턴 동안 자신의 방어력의 {6}%만큼 자신의 방어력이 증가합니다.,,,,,,,,,,,,,,
4533,높이 점프하여 엉덩이로 강하게 땅을 내려찍어 단단한 코코넛을 대상에게 떨어뜨려 자신의 공격력의 {2}%의 피해를 입히고 {4}%의 확률로 대상을 {7}턴간 기절 상태로 만듭니다.,,,,,,,,,,,,,,
4534,자신과 같은 열에 있는 모든 아군에게 자신의 최대 체력의 {2}%에 해당하는 실드를 {3}턴동안 제공합니다.,,,,,,,,,,,,,,
4535,자신의 방어력을 자신의 방어력의  {2}%만큼 {3}턴 동안 증가시킵니다.,,,,,,,,,,,,,,
4536,{3}턴 동안 자신이 도발 생태가 되며 {4}% 확률로 자신 최대 체력의 {6}%에 해당하는 실드를 {7}턴간 생성합니다.,,,,,,,,,,,,,,
4537,{3}턴간 턴이 시작될 때마다 자신의 최대 체력의 {2}%만큼 회복합니다. </br>이때 {4}% 확률로 자신이 {7}턴간 도발 상태가 됩니다.,,,,,,,,,,,,,,
4538,아무 적 1명에게 코코넛 열매를 날려서 자신의 공격력의 {2}%의 피해를 입힙니다. 이때 피격받은 적이 {4}% 확률로 {7}턴간 기절합니다.,,,,,,,,,,,,,,
4539,단일 적군에게 자신의 공격력의 {2}%의 피해를 주며 만약 자신에게 실드가 있다면 현재 실드 총량의 {6}%의 추가 피해를 주며 자신의 실드는 파괴됩니다.,,,,,,,,,,,,,,
4540,점프 후 강하게 땅을 내려찍어 지진을 일으키는 공격으로 가로 일렬에 있는 모든 적군에게 자신의 공격력의 {2}%의 피해를 입힙니다.,,,,,,,,,,,,,,
4541,웨이브가 시작될 때마다 자신과 같은 특성의 아군에게 자신의 최대 체력의 {2}%의 실드를 생성합니다. ,,,,,,,,,,,,,,
4542,도발 상태에서 피격시 {0}%의 확률로 최대 체력의 {2}%를 회복할 수 있습니다.,,,,,,,,,,,,,,
4543,턴 시작시 자신의 체력이 최대 체력의 20% 미만일 경우 자신 최대 체력의 {2}% 만큼 회복합니다. </br>이때 {4}% 확률로 자신의 방어력을 자신의 방어력의 {6}%만큼 {7}턴간 증가시킵니다.,,,,,,,,,,,,,,
4544,밤속성 아군수 x {2}% 만큼 자신의 방어력을 증가시킵니다.,,,,,,,,,,,,,,
4545,점프 후 블루베리 하나를 던져 자신의 공격력의 {2}%의 피해를 입힙니다. </br>또한 첫번째 순서로 자신이 버스트 콤보에 성공할 경우 공격 대상의 방어력을 무시하고 공격합니다.,,,,,,,,,,,,,,
4546,점프 후 블루베리 하나를 던져 자신의 공격력의 {2}%의 피해를 입힙니다. </br>또한 첫번째 순서로 자신이 버스트 콤보에 성공할 경우 {7}턴간 자신의 공격력을 {6}% 증가시킵니다.,,,,,,,,,,,,,,
4547,점프 후 블루베리 하나를 던져 자신의 공격력의 {2}%의 피해를 입힙니다. </br>또한 첫번째 순서로 자신이 버스트 콤보에 성공할 경우 {7}턴간 자신의 방어관통률을 {6}% 증가시킵니다.,,,,,,,,,,,,,,
4548,자신의 공격력의 {2}%의 피해를 주는 블루베리 조각을 3개 던져 랜덤한 적에게 피해를 입힙니다. 이때 {4}% 확률로 적군의 방어력을 무시한 피해를 입힙니다.,,,,,,,,,,,,,,
4549,단일 적군에게 자신의 공격력의 {2}%의 피해를 주는 블루베리를 3개 던집니다. </br>피격시 {4}% 확률로 적군의 방어력을 무시한 피해를 입힙니다.,,,,,,,,,,,,,,
4550,단일 적군에게 자신의 공격력의 {2}%의 피해를 주는 블루베리를 4개 던집니다. </br>피격시 {4}% 확률로 {7}턴 동안 자신의 방어관통률을 {6}%를 증가 시킵니다.,,,,,,,,,,,,,,
4551,단일 적군에게 살얼음이 낀 커다란 블루베리를 하나 던져서 자신의 공격력의 {2}%의 피해를 입힙니다. </br>피격 받은 적은 {4}%확률로 {7}턴 동안 빙결 상태가 됩니다.,,,,,,,,,,,,,,
4552,3개의 블리베리를 던져 가로 일렬에 있는 모든 적에게 자신의 공격력의 {2}%의 피해를 입힙니다.,,,,,,,,,,,,,,
4553,단일 적군에게 자신의 공격력의 {2}%의 피해를 주는 블루베리를 하나 던집니다. </br>만약 자신의 체력이 5%이하이면 랜덤한 적에게 썩은 블루베리 하나를 던지고 자신은 사망합니다. </br>이 썩은 블루베리를 맞은 적은 자신의 공격력의 {6}%의 피해를 받거나 {8}%확률로 즉시 사망할 수 있습니다.,,,,,,,,,,,,,,
4554,끝이 뽀족하게 까진 블루베리를 빠르게 던져 자신의 공격력의 {6}%의 피해를 입힙니다. </br>이때 대상이 방어 상태라면 자신의 공격력의 {2}%의 피해를 입힙니다.,,,,,,,,,,,,,,
4555,단일 적군에게 자신의 공격력의 {2}%의 피해를 주는 블루베리를 하나 던집니다. </br>공격 한 대상이 사망하면 바로 뒤에 있는 적에게 자신의 공격력의 {6}%의 피해를 주는 블루베리를 하나 더 던집니다.,,,,,,,,,,,,,,
4556,스테이지 시작시 자신과 같은 행에 있는 적의 수 x {2} 만큼 치명타 피해가 증가합니다.,,,,,,,,,,,,,,
4557,스테이지 시작시 밤속성 아군 수 x {2} 만큼 자신의 명중을 증가시킵니다.,,,,,,,,,,,,,,
4558,자신과 같은 특성인 아군 수 x {2}% 만큼 자신의 방어력을 감소시키고 대신 그만큼 공격력을 증가 시킵니다.,,,,,,,,,,,,,,
4559,방어 관통을 성공했을 때 피격 당한 적군은 {0}% 확률로 {3}턴간 빙결 상태가 됩니다.,,,,,,,,,,,,,,
4560,바나나 하나를 던져 자신의 공격력의 {2}%의 피해를 입힙니다.</br>또한 두번째 순서로 자신이 버스트콤보에 성공할 경우 대상의 명중률을 {7}턴간 {6}% 감소시킵니다.,,,,,,,,,,,,,,
4561,바나나 하나를 던져 자신의 공격력의 {2}%의 피해를 입힙니다. </br>또한 두번째 순서로 자신이 버스트콤보에 성공할 경우 대상의 방어관통율을  {7}턴간 {6}% 감소시킵니다.,,,,,,,,,,,,,,
4562,바나나 하나를 던져 자신의 공격력의 {2}%의 피해를 입힙니다. </br>또한 두번째 순서로 자신이 버스트콤보에 성공할 경우 대상의 회피율을  {7}턴간 {6}% 감소시킵니다.,,,,,,,,,,,,,,
4563,단일 적에게 강하게 점프 후 박치기 공격으로 자신의 공격력의 {2}%의 피해를 입히고 {4}%확률로 대상이 {7}턴간 혼란 상태에 빠지게 합니다.,,,,,,,,,,,,,,
4564,{7}턴간 자신의 다른 액티브 스킬의 쿨타임을 {6}턴 증가시키고 대상 적군의 액시브 스킬 중 랜덤한 1개의 쿨타임을 {3}턴간 {2}턴 증가 시킵니다.,,,,,,,,,,,,,,
4565,자신의 방어력을 {7}턴간 {6}% 감소시키며 단일 적군의 방어력을 {3}턴간 대상 방어력의 {2}%만큼 감소시킵니다.</br>또한 자신의 방어력이 80%이하일 때 적 전체 방어력을 {11}턴동안 대상 방어력의 {10}% 만큼 감소시킵니다.,,,,,,,,,,,,,,
4566,단일 적군에게 바나나 껍질을 하나 던저 자신의 공격력의 {2}%의 피해를 주며 {4}% 확률로 {7}턴간 기절 상태로 만듭니다.,,,,,,,,,,,,,,
4567,꼬리로 단일 적을 콕 찔러 자신의 공격력의 {2}%의 피해를 주며 {4}%확률로 대상의 치명타 확률을 {7}턴간 {6}% 낮춥니다.,,,,,,,,,,,,,,
4568,자신의 전체 체력을 {7}턴간 {6}% 감소시키고 단일 적군의 전체 체력을 {3}턴간 {2}% 감소시킵니다.,,,,,,,,,,,,,,
4569,자신의 공격력을 {7}턴간 {6}% 감소시키고 단일 적군의 공격력을 {3}턴간 {2}% 감소시킵니다. </br>또한 자신의 현재 공격력이 자신의 현재 공격력의 80% 이하일 경우 {8}% 확률로 적 전체 공격력을 {11}턴간 대상 공격력의 {10}%만큼 감소시킵니다.,,,,,,,,,,,,,,
4570,꼬리를 세차게 휘둘러 단일 적군에게 자신의 공격력의 {2}%의 피해를 입히며 {4}%의 확률로 대상의 순발을을 {7}턴 동안 {6}% 감소시킵니다.,,,,,,,,,,,,,,
4571,웨이브 시작시 자신과 다른 속성의 모든 적군의 치명타 확률을 {2}% 감소시킵니다.,,,,,,,,,,,,,,
4572,웨이브 시작시 자신과 같은 특성인 모든 적군의 행운이 {2} 감소시키고 {4}% 확률로 자신과 같은 특성인 적군 한명을 {7}턴간 수면 상태로 만듭니다.,,,,,,,,,,,,,,
4573,턴 시작시 {0}% 확률로 자신에게 걸린 디버프 종류 수 x 자신의 전체 체력의 {2}% 만큼 체력을 회복합니다.,,,,,,,,,,,,,,
4574,웨이브 시작시 노멀 등급 아군 수 x {2}% 만큼 노멀 등급이 아닌 적군의 치명타 피해량을 감소시킵니다.,,,,,,,,,,,,,,
5000,태양의 은혜,,,,,,,,,,,,,,
5001,초원의 온기,,,,,,,,,,,,,,
5002,달의 계시,,,,,,,,,,,,,,
5003,정령의 숨결,,,,,,,,,,,,,,
5005,태양의 은혜로 부여할 수 있는 효과들은 딜러, 서포트에 특화되어 있으며 때로는~ 한 플레이에 유리할 수 있습니다.,,,,,,,,,,,,,,
5006,초원의 온기로 부여할 수 있는 효과들은 딜러, 서포트에 특화되어 있으며 때로는~ 한 플레이에 유리할 수 있습니다.,,,,,,,,,,,,,,
5007,달의 계시로 부여할 수 있는 효과들은 딜러, 서포트에 특화되어 있으며 때로는~ 한 플레이에 유리할 수 있습니다.,,,,,,,,,,,,,,
5008,정령의 숨결로 부여할 수 있는 효과들은 딜러, 서포트에 특화되어 있으며 때로는~ 한 플레이에 유리할 수 있습니다.,,,,,,,,,,,,,,
5010,{0}에 {1}을 부여하시겠습니까?,,,,,,,,,,,,,,
5011,아래의 아투시아의 은혜 중 하나를 선택해주세요.,,,,,,,,,,,,,,
5012,카드가 최고 레벨입니다.,,,,,,,,,,,,,,
5013,상위 카드의 레벨이 1 이상이면 오픈됩니다.,,,,,,,,,,,,,,
5014,아투시아의 은혜 초기화,,,,,,,,,,,,,,
5015,‘{0}“ 에 부여된 모든 효과를 초기화합니다.</b>
초기화에는 비용이 소모되며 초기화 이후에는 이전으로 복구할 수 없습니다.</b>
모든 효과를 초기화 하시겠습니까?,,,,,,,,,,,,,,
5016,{0}의 모든 효과가 초기화 되었습니다.,,,,,,,,,,,,,,
5017,{0} 의 위치 효과,,,,,,,,,,,,,,
5018,옵션 효과,,,,,,,,,,,,,,
6000,,,,,,,,,,,,,,,
